-- phpMyAdmin SQL Dump
-- version 4.8.3
-- https://www.phpmyadmin.net/
--
-- Host: 127.0.0.1:3306
-- Generation Time: Jun 15, 2020 at 04:34 PM
-- Server version: 5.6.41
-- PHP Version: 7.1.22

SET SQL_MODE = "NO_AUTO_VALUE_ON_ZERO";
SET AUTOCOMMIT = 0;
START TRANSACTION;
SET time_zone = "+00:00";


/*!40101 SET @OLD_CHARACTER_SET_CLIENT=@@CHARACTER_SET_CLIENT */;
/*!40101 SET @OLD_CHARACTER_SET_RESULTS=@@CHARACTER_SET_RESULTS */;
/*!40101 SET @OLD_COLLATION_CONNECTION=@@COLLATION_CONNECTION */;
/*!40101 SET NAMES utf8mb4 */;

--
-- Database: `squillgame`
--

-- --------------------------------------------------------

--
-- Table structure for table `category`
--

CREATE TABLE `category` (
  `id` int(11) NOT NULL,
  `name` varchar(255) NOT NULL,
  `soft_order` int(11) NOT NULL DEFAULT '0',
  `status` int(11) NOT NULL DEFAULT '1'
) ENGINE=InnoDB DEFAULT CHARSET=utf8;

--
-- Dumping data for table `category`
--

INSERT INTO `category` (`id`, `name`, `soft_order`, `status`) VALUES
(1, 'RPG', 0, 1),
(2, 'Экшн', 0, 1),
(3, 'Симуляторы', 0, 1),
(4, 'Стратегии', 0, 1),
(5, 'Гонки', 0, 1),
(6, 'Спорт', 0, 1),
(7, 'Приключение', 0, 1);

-- --------------------------------------------------------

--
-- Table structure for table `chat_line`
--

CREATE TABLE `chat_line` (
  `id` int(11) NOT NULL,
  `user_id` int(11) NOT NULL,
  `text` text NOT NULL,
  `date` timestamp NOT NULL DEFAULT CURRENT_TIMESTAMP
) ENGINE=InnoDB DEFAULT CHARSET=utf8;

--
-- Dumping data for table `chat_line`
--

INSERT INTO `chat_line` (`id`, `user_id`, `text`, `date`) VALUES
(1, 5, 'dfgdfgdfgdfgdfg', '2019-10-03 15:56:52'),
(2, 5, '123123', '2019-10-03 16:18:54');

-- --------------------------------------------------------

--
-- Table structure for table `chat_message`
--

CREATE TABLE `chat_message` (
  `id` int(11) NOT NULL,
  `to_user_id` int(11) NOT NULL,
  `from_user_id` int(11) NOT NULL,
  `chat_message` text NOT NULL,
  `timestamp` timestamp NOT NULL DEFAULT CURRENT_TIMESTAMP,
  `status` int(1) NOT NULL
) ENGINE=InnoDB DEFAULT CHARSET=utf8;

-- --------------------------------------------------------

--
-- Table structure for table `comments`
--

CREATE TABLE `comments` (
  `reviews_id` int(11) NOT NULL,
  `products_id` int(11) NOT NULL,
  `news_id` int(11) NOT NULL,
  `name` varchar(255) NOT NULL,
  `good` text NOT NULL,
  `bad` text NOT NULL,
  `comment` text NOT NULL,
  `data` datetime NOT NULL DEFAULT CURRENT_TIMESTAMP ON UPDATE CURRENT_TIMESTAMP
) ENGINE=InnoDB DEFAULT CHARSET=utf8;

--
-- Dumping data for table `comments`
--

INSERT INTO `comments` (`reviews_id`, `products_id`, `news_id`, `name`, `good`, `bad`, `comment`, `data`) VALUES
(2, 24, 0, 'ЯЕвгангелионВторой', 'Графика', '-----', 'К покупке', '2019-01-13 00:02:04'),
(4, 24, 0, 'Фиров', 'Хорошо', 'Плохо', 'Нормально', '2019-01-11 16:08:27'),
(31, 21, 0, 'Еванг', 'Плюсы', 'минусы', 'Игра', '2019-01-13 00:01:00'),
(32, 22, 0, 'KKK12321', 'Геймплей', 'Нет', '', '2019-01-17 10:41:19'),
(34, 13, 0, 'KKK12321', 'Их нет', 'Игра', '', '2019-01-17 10:44:37'),
(38, 0, 8, 'adminKKK', '', '', 'WTF\r\n', '2019-04-15 23:03:53'),
(39, 34, 0, 'lolicon', '---', '---', '*Шутка про дату выхода*', '2019-04-24 20:57:36'),
(40, 22, 0, 'adminKKK', '____', '____', '', '2019-05-12 12:28:44'),
(41, 40, 0, 'adminKKK', 'dsf', 'dsf', 'sdf', '2019-12-06 21:52:35');

-- --------------------------------------------------------

--
-- Table structure for table `contact`
--

CREATE TABLE `contact` (
  `id` int(11) NOT NULL,
  `user_id` int(11) DEFAULT NULL,
  `user_name` varchar(255) NOT NULL,
  `user_realname` varchar(255) NOT NULL,
  `user_email` varchar(255) NOT NULL,
  `user_comment` text NOT NULL
) ENGINE=InnoDB DEFAULT CHARSET=utf8;

--
-- Dumping data for table `contact`
--

INSERT INTO `contact` (`id`, `user_id`, `user_name`, `user_realname`, `user_email`, `user_comment`) VALUES
(2, 5, 'KKK12321', 'Сиров', 'Email@em.em', 'bvgnfhj'),
(3, 0, '', 'Сиров', 'Email@em.em', 'nm'),
(4, 5, 'KKK12321', 'Провер', 'KKK@kkk.kk', 'ПроверПровер'),
(5, 0, '', 'Люба', 'luba@mail.ru', 'Не могу войти на сатй HELP'),
(6, 0, '', 'Провер', 'KKK@kkk.kk', ''),
(7, 0, '', 'Провер', 'KKK@kkk.kk', 'авава');

-- --------------------------------------------------------

--
-- Table structure for table `counter`
--

CREATE TABLE `counter` (
  `id` int(11) NOT NULL,
  `see` int(11) DEFAULT NULL,
  `product_id` int(11) NOT NULL,
  `date` varchar(255) NOT NULL
) ENGINE=InnoDB DEFAULT CHARSET=utf8;

--
-- Dumping data for table `counter`
--

INSERT INTO `counter` (`id`, `see`, `product_id`, `date`) VALUES
(1, 4, 61, '07.05.2019'),
(2, 30, 59, '07.05.2019'),
(3, 12, 25, '07.05.2019'),
(4, 7, 62, '07.05.2019'),
(5, 3, 51, '07.05.2019'),
(6, 1, 56, '07.05.2019'),
(7, 1, 63, '08.05.2019'),
(8, 23, 59, '08.05.2019'),
(9, 12, 32, '08.05.2019'),
(10, 2, 61, '08.05.2019'),
(11, 1, 63, '10.05.2019'),
(12, 15, 61, '10.05.2019'),
(13, 1, 63, '11.05.2019'),
(14, 5, 32, '11.05.2019'),
(15, 2, 33, '11.05.2019'),
(16, 2, 46, '11.05.2019'),
(17, 2, 54, '11.05.2019'),
(18, 1, 52, '11.05.2019'),
(19, 1, 51, '11.05.2019'),
(20, 1, 64, '12.05.2019'),
(21, 1, 53, '12.05.2019'),
(22, 1, 34, '12.05.2019'),
(23, 7, 22, '12.05.2019'),
(24, 7, 61, '20.06.2019'),
(25, 1, 32, '20.06.2019'),
(26, 3, 63, '20.06.2019'),
(27, 3, 4, '16.07.2019'),
(28, 4, 46, '16.07.2019'),
(29, 1, 63, '16.07.2019'),
(30, 1, 9, '29.09.2019'),
(31, 2, 63, '29.09.2019'),
(32, 6, 62, '29.09.2019'),
(33, 1, 64, '29.09.2019'),
(34, 3, 57, '29.09.2019'),
(35, 173, 54, '29.09.2019'),
(36, 1, 59, '30.09.2019'),
(37, 14, 62, '30.09.2019'),
(38, 37, 8, '30.09.2019'),
(39, 1, 48, '30.09.2019'),
(40, 1, 58, '01.10.2019'),
(41, 126, 59, '02.10.2019'),
(42, 10, 58, '03.10.2019'),
(43, 1, 30, '15.10.2019'),
(44, 2, 62, '15.10.2019'),
(45, 1, 63, '15.10.2019'),
(46, 1, 63, '06.12.2019'),
(47, 2, 40, '06.12.2019'),
(48, 1, 61, '06.12.2019'),
(49, 2, 59, '06.12.2019'),
(50, 1, 52, '06.12.2019'),
(51, 2, 51, '06.12.2019'),
(52, 1, 63, '15.06.2020'),
(53, 4, 46, '15.06.2020'),
(54, 1, 64, '15.06.2020'),
(55, 1, 61, '15.06.2020'),
(56, 1, 58, '15.06.2020'),
(57, 1, 31, '15.06.2020'),
(58, 1, 3, '15.06.2020'),
(59, 6, 59, '15.06.2020'),
(60, 2, 25, '15.06.2020'),
(61, 1, 48, '15.06.2020');

-- --------------------------------------------------------

--
-- Table structure for table `is_product`
--

CREATE TABLE `is_product` (
  `id` int(11) NOT NULL,
  `product_id` int(11) NOT NULL,
  `category_id` int(11) NOT NULL,
  `teg_id` int(11) NOT NULL,
  `other_id` int(11) NOT NULL
) ENGINE=InnoDB DEFAULT CHARSET=utf8;

-- --------------------------------------------------------

--
-- Table structure for table `news`
--

CREATE TABLE `news` (
  `id` int(11) NOT NULL,
  `title` text NOT NULL,
  `data` date NOT NULL,
  `shortcontent` text NOT NULL,
  `content` text NOT NULL,
  `autorname` varchar(255) NOT NULL,
  `image` varchar(255) NOT NULL,
  `type` varchar(255) NOT NULL
) ENGINE=InnoDB DEFAULT CHARSET=utf8;

--
-- Dumping data for table `news`
--

INSERT INTO `news` (`id`, `title`, `data`, `shortcontent`, `content`, `autorname`, `image`, `type`) VALUES
(1, 'Тизеры новой Call of Duty оказались Modern Warfare 4', '2019-01-16', 'Сотрудники компании Infinity Ward продолжают публиковать тизеры новой части Call of Duty. Геймеры уже решили, что это Ghosts 2, но оказалось...', 'Сотрудники компании Infinity Ward продолжают публиковать тизеры новой части Call of Duty. Геймеры уже решили, что это Ghosts 2, но оказалось за этими посланиями разработчиков скрывается Modern Warfare 4.\r\n\r\nВ сети появилась информация о следующей игре серии Call of Duty, сообщает Gamebomb.ru. Известный стример и геймер с ником Chaos опубликовал в Twitter первую информацию о грядущем шутере Call of Duty: Modern Warfare 4. Как и Black Ops 4, эта часть будет разделена на несколько отдельных режимов. Среди них будут зомби, многопользовательские сражения, королевская битва и сюжетная кампания. К сожалению, одиночный режим не будет продолжением культовой трилогии. Вместо этого геймеры получат ремастер сюжетной кампании Modern Warfare 2. Одним из ключевых персонажей шутера был Саймон «Гоуст» Райли (Simon «Ghost» Riley). Все опубликованные тизеры так или иначе могут быть связаны с ним: на них изображены то черепа, то призраки.\r\nВ комментариях под многочисленными тизерами от разработчиков геймеры продолжают спорить о том, что их ждет — Call of Duty: Ghosts 2 или Call of Duty: Modern Warfare 4. Стример Chaos предупредил своих подписчиков, что его информация может оказаться фейком, и пока что он не может гарантировать правдивость этих фактов.\r\n\r\nИнтересно, что в возможном ремастере Call of Duty: Modern Warfare 2 будет отсутствовать одна миссия — No Russian («Ни слова по-русски»). В ней игроки в роли двойного агента участвуют в теракте со злодеем Владимиром Макаровым. Игрокам предлагают в роли террориста расстреливать десятки людей в российском аэропорту. Одно из самых скандальных заданий в истории игр в ремастере решили полностью убрать.', 'Фёдоров Федор', 'ddddddddddddddddddddd', 'ddddddddddddddddddddd'),
(2, 'Аманду Рипли показали в тизере продолжения Alien: Isolation', '2019-01-15', 'Компания 20th Century Fox опубликовало первое видео продолжение игры в жанре ужасов Alien: Isolation о дочери главной героини серии фильмов...', 'Компания 20th Century Fox опубликовало первое видео продолжение игры в жанре ужасов Alien: Isolation о дочери главной героини серии фильмов «Чужой».\r\n\r\nВ официальном Twitter-аккаунте франшизы «Чужой» (Alien) появилось короткое тизер-видео, сообщает Gamebomb.ru. В нем частично показывают девушку, на костюме которой видно надпись «А. Рипли». После этого на экране появляется вопрос: «Кто такая Аманда Рипли?». Завершается тизер тремя словами: «Читай. Играй. Смотри». Фанаты культовой франшизы предположили, что разработчики намекают сразу на три проекта. Одним из них должна быть новая игра, продолжение ужастика Alien: Isolation. Главной героиней хоррора была Аманда Рипли, дочь Эллен Рипли, которую в фильмах играла Сигурни Уивер (Sigourney Weaver).\r\nГеймеры предположили, что разработчики намекают также на сериал или анимационный сериал. Как сообщает Gamebomb.ru, под словом «Читай» может быть намек на книги или комиксы об Аманде Рипли. Есть и другая версия. Некоторые фанаты предположили, что все три слова может объединить один интерактивный проект. В нем будут видео-вставки, геймплейные моменты и множество материалов для чтения. Поклонники «Чужого» также считают, что продолжение Alien: Isolation может выйти на Netflix в виде интерактивного сериала. Подобный эпизод вышел в последнем сезоне «Черного зеркала».\r\n\r\nРанее в сети появилась информация, что компания 20th Century Fox зарегистрировала торговую марку Alien: Blackout в разделе видеоигр.', 'Евгангелионов Евгений', 'ddddddddddddddddddddd', 'ddddddddddddddddddddd'),
(3, 'Дата выпуска Mount & Blade 2 не будет раскрыта на Gamescom', '2019-02-01', 'Пару недель назад разработчики Mount & Blade 2: Bannerlord, Taleworlds Entertainment, запустили новый еженедельный блог разработки, стремясь быть более прозрачными и общительными со своими фанатами.', 'Пару недель назад разработчики Mount & Blade 2: Bannerlord, Taleworlds Entertainment, запустили новый еженедельный блог разработки, стремясь быть более прозрачными и общительными со своими фанатами. Однако, хотя эти самые фанаты определенно надеялись в скором времени узнать дату выпуска игры – особенно в связи с надвигающейся большой выставкой Gamescom, – студия объяснила в сегодняшнем посте, что этого не произойдет.\r\n\r\n«Мы до сих пор не раскрыли дату выпуска, потому что ее не существует. Мы не так работаем. Мы не устанавливаем дату выпуска продукта, а затем работаем, чтобы уложиться в срок», – написали они. «Мы создаем игры, потому что любим делать это, и мы хотим, чтобы это были лучшие игры, которые мы можем создать. Мы считаем, что наши фанаты заслуживают не меньше, чем наши лучшие усилия, нашу полную посвященность делу. Мы не собираемся выпускать игру до того, как она будет готова просто потому, что можем упустить хайп».\r\n\r\nВ посте подчеркивается, что Taleworlds, в отличие от многих других компаний, не обязаны издателям, акционерам или кому-либо еще, кто может подтолкнуть их сокращению возможностей и масштабов для соблюдения сроков. Очевидно, что откладывание Bannerlord не приносит им выгоды, но «единственное, что нам важно, – это создание действительно уникальной игры, которой вы сможете наслаждаться так же, как мы наслаждаемся разработкой».\r\n\r\nЧто касается того, почему это занимает столько времени, ответ прост: это действительно большая игра. «Пять лет на самом деле не так много для разработки игры, которая охватывает столько, сколько Bannerlord», – объяснили Taleworlds. «В ней много изменений фундаментальной технологии и архитектуры по сравнению с Warband: это гораздо сложнее, чем просто добавить новый текст и анимацию. Это включает в себя технологию, новый движок, который мы создали с нуля, но также систему, механики – речь идет о балансировке невидимого, вида и ощущения игрового процесса».\r\n\r\n«Вот почему мы не объявили дату выпуска, и почему не сделаем это на Gamescom. И это причины, по которым мы думаем об этом не как о признаке слабости, а как об уважении к нашей работе и нашему сообществу. Мы работаем так усердно, как можем, чтобы создать отличную игру, которую вы все так ждете, и наша главная забота – качество финального продукта».\r\n\r\nТем не менее, Taleworlds продемонстрируют игру на Gamescom с «некоторыми отличиями от демо-версии, которую мы показывали на E3». Выставка будет открыта для публики с 23 по 26 августа Кельне, Германия.', 'ЕвГанг Лион', '', ''),
(4, 'На OnePlus 6T запустили Windows 10 и Call of Duty: Modern Warfare 2', '2019-04-14', 'Нидерландский разработчик Бас Тиммер, известный под псевдонимом NTAuthority, смог-таки запустить Windows 10, на смартфоне OnePlus 6T. Ранее у него выдавалась ошибка и «синий экран смерти», теперь же система работает стабильно.', 'Нидерландский разработчик Бас Тиммер, известный под псевдонимом NTAuthority, смог-таки запустить Windows 10, на смартфоне OnePlus 6T. Ранее у него выдавалась ошибка и «синий экран смерти», теперь же система работает стабильно.\r\nОС поддерживает сенсорный ввод во многих приложениях, в том числе в Google Chrome. В качестве ОС используется ARM-версия «десятки», которая демонстрирует работу с несколькими приложениями и возможностью переключения между ними.\r\n\r\nНо самое примечательное, что Тиммер сумел запустить на смартфоне Call of Duty: Modern Warfare 2. Для этого использовался режим эмуляции архитектуры x86, что позволило запустить игру с использованием графического ускорителя Adreno. Отмечается, что боевик поддерживает управление с помощью внешнего контроллера, хотя процессу игры мешает низкая частота кадров.\r\n\r\nНапомним, что смартфон базируется на однокристальной системе Qualcomm Snapdragon 845 и графическом ускорителе Adreno 630. Можно предположить, что использование более мощного процессора и графики улучшит показатели в игровом процессе. Ждём OnePlus 7?', 'ЕвГанг Лион', '', ''),
(5, 'Авторы Star Wars Jedi: Fallen Order: это игра, которую мы задумывали с самого начала', '2019-04-14', 'После вчерашней мировой премьеры Star Wars Jedi: Fallen Order творческий руководитель проекта Стиг Асмуссен и нарративный консультант LucasFilm Стив Блэнк пообщались с репортёром IGN Брайаном Алтано и поделились некоторыми подробностями об игре.', 'После вчерашней мировой премьеры Star Wars Jedi: Fallen Order творческий руководитель проекта Стиг Асмуссен и нарративный консультант LucasFilm Стив Блэнк пообщались с репортёром IGN Брайаном Алтано и поделились некоторыми подробностями об игре.\r\nВо время интервью Асмуссен сказал, что с самого начала разработки в апреле 2014 года, когда он же начинал собирать команду, видение «Павшего ордена» не менялось.\r\n\r\nС самого начала мы знали, что делаем сюжетный экшен по вселенной «Звёздных войн». Точка. Мы хотели выполнить это обязательство. Мы ощущали, что именно такую игру желают люди, и именно поэтому мы сейчас тут.\r\nСтиг Асмуссен\r\n\r\nЭто подтвердил и Блэнк: когда Respawn во главе с Асмуссеном пришли к LucasFilm за «зелёным светом», это была сюжетная игра про джедаев со сражениями на световых мечах и со способностями Силы.\r\n\r\nКогда я пришёл в Respawn, в моём портфолио не было ни мультиплеерных, ни сервисных проектов. Мы создали новую команду именно для этой игры.\r\nСтиг Асмуссен\r\n\r\nВдобавок Асмуссен сообщил, что они никогда всерьёз не задумывались о том, чтобы сделать Fallen Order игрой в открытом мире. Притом нежелание было вызвано скорее ограничениями: для проекта создали новую команду, которая работает на новом для себя движке — Unreal Engine 4.\r\n\r\nАсмуссен не хотел прыгать выше головы, начав погоню за амбициями, а прагматично взглянул на возможности своей новой команды и выбрал именно такой путь.\r\nТем не менее «Павший орден» — большая игра. Многие локации так или иначе можно будет частично исследовать. Это и не линейная игра, и не огромный открытый мир. Что-то среднее. Видимо, примерно как в Metro: Exodus, где есть относительно большие локации для свободного изучения.\r\nВдобавок разработчики подтвердили, что, хоть технически игроки и смогут попытаться скрытно проходить некоторые этапы, Respawn делает ставку именно на открытые противостояния — как минимум, потому что сражаться на световых мечах и применять Силу попросту веселее.\r\nСледующая демонстрация Fallen Order пройдёт на EA Play с 7 по 9 июня. На этот раз ожидается показ живого игрового процесса. Релиз проекта состоится 15 ноября на PS4, Xbox One и РС.', 'ЕвГанг Лион', '', ''),
(6, 'В релизном трейлере World War Z снялись сотни зомби', '2019-04-14', 'Совсем скоро, 16 апреля, выйдет кооперативный боевик World War Z. Игра появится на консолях PS4 и Xbox One и на РС через Epic Games Store. И студия Saber Interactive с издательством Focus Home Interactive выпустила релизный трейлер, в котором представила основные черты игры.', 'Совсем скоро, 16 апреля, выйдет кооперативный боевик World War Z. Игра появится на консолях PS4 и Xbox One и на РС через Epic Games Store. И студия Saber Interactive с издательством Focus Home Interactive выпустила релизный трейлер, в котором представила основные черты игры.\r\nИ первое, что в нём бросается в глаза, — несметные полчища живых мертвецов, с которыми предстоит сражаться игрокам. Причём делать это мы будем на реально существующих территориях: в Москве, Иерусалиме, Токио и Нью-Йорке. В игре также просматриваются аллюзии на фантастический фильм «Война миров Z», на фабуле которого основана игра.\r\nКак и в фильме, игровые зомби быстры, ловки, атакуют огромными толпами и способны организовываться, чтобы совместно преодолеть препятствия или расправиться с помехами. Зомби вполне способны загнать противников в угол, так что стоит продумывать пути отхода и готовить ловушки.\r\nПротивостоять зомби будут команды из четырёх игроков, для них приготовлены игровые классы. А в особом режиме им, в свою очередь, придётся сражаться не только с мертвецами, но и с другими игроками.\r\n\r\n<iframe width=\"560\" height=\"315\" src=\"https://www.youtube.com/embed/ON2Ucyvt3gY\" frameborder=\"0\" allow=\"accelerometer; autoplay; encrypted-media; gyroscope; picture-in-picture\" allowfullscreen></iframe>', 'ЕвГанг Лион', '', ''),
(7, 'Основатель Infinity Ward и Respawn присоединился к Epic Games для работы над новыми играми', '2019-04-15', 'Учредитель церемонии The Game Awards и бывший журналист Джефф Кейли сообщил, что, по его данным, в Epic Games уже около месяца работает Джейсон Уэст, один из основателей Infinity Ward (Call of Duty) и Respawn (Titanfall).', 'Учредитель церемонии The Game Awards и бывший журналист Джефф Кейли сообщил, что, по его данным, в Epic Games уже около месяца работает Джейсон Уэст, один из основателей Infinity Ward (Call of Duty) и Respawn (Titanfall).\r\nТам он занимается разработкой игр, а не другими направлениями компании, среди которых поддержка Unreal Engine, а также развитие собственного магазина.\r\nВозможно, Epic Games намерена полноценно вернуться к производству новых игр и планирует пополнять полки своего магазина в том числе и своими релизами.', 'ЕвГанг Лион', '', ''),
(8, 'Стриминговый сервис выпустил свою первую игру Twitch Sings', '2019-04-15', 'Игры делают все, вот и стриминговый сервис Twitch не остался в стороне. Совместно с Harmonix, известной по музыкальным видеоиграм Dance Central, Rock Band и Guitar Hero, компания выпустила свою первую игру Twitch Sings.', 'Twitch Sings посвящена караоке, причём в неё встроена масса возможностей для взаимодействия с аудиторией. Зрители трансляции смогут поддерживать исполнителей и даже «аплодировать» им. Доступны также заказ определённых песен из каталога в две тысячи треков и выбор забавных испытаний. А те, кто внесёт некоторую сумму «битов», появятся на экране трансляции в виде аватаров.\r\n\r\nИгра позволяет выбрать сцену для виртуального выступления, настроить аватар певца и начать трансляцию игры одной кнопкой. Twitch Sings доступна только на РС, но зато совершенно бесплатно. Правда, в будущем Twitch обещает добавить микротранзакции и даже выпустить платные дополнения.\r\nСтоит предупредить, что из-за ограничений авторского права проблемы с игрой могут появиться у жителей России, Украины и Кореи.\r\n\r\n<iframe width=\"560\" height=\"315\" src=\"https://www.youtube.com/embed/h5hij4xWnQo\" frameborder=\"0\" allow=\"accelerometer; autoplay; encrypted-media; gyroscope; picture-in-picture\" allowfullscreen></iframe>', 'ЕвГанг Лион', '', '');

-- --------------------------------------------------------

--
-- Table structure for table `other`
--

CREATE TABLE `other` (
  `id` int(11) NOT NULL,
  `name` varchar(255) NOT NULL,
  `image` varchar(255) NOT NULL,
  `soft_order` int(11) NOT NULL DEFAULT '0',
  `status` int(11) NOT NULL DEFAULT '1'
) ENGINE=InnoDB DEFAULT CHARSET=utf8;

--
-- Dumping data for table `other`
--

INSERT INTO `other` (`id`, `name`, `image`, `soft_order`, `status`) VALUES
(1, 'Пост-апокалепсис', '', 0, 1),
(2, 'Открытый мир', '', 0, 1),
(3, 'Ностальгия', '', 0, 1),
(4, 'Исторические', '', 0, 1),
(10, 'Бесконечные', '', 0, 1),
(11, 'Сюжетные', '', 0, 1);

-- --------------------------------------------------------

--
-- Table structure for table `product`
--

CREATE TABLE `product` (
  `id` int(11) NOT NULL,
  `category_id` int(11) NOT NULL,
  `teg_id` int(11) NOT NULL,
  `other_id` int(11) NOT NULL DEFAULT '0',
  `like_id` int(11) NOT NULL,
  `series_id` int(11) NOT NULL DEFAULT '0',
  `name` varchar(255) NOT NULL,
  `code` int(11) NOT NULL,
  `price` float NOT NULL,
  `price_sale` float NOT NULL,
  `developer` varchar(255) NOT NULL,
  `publisher` varchar(255) NOT NULL,
  `date` date NOT NULL,
  `image` varchar(255) NOT NULL,
  `imagerec` varchar(255) NOT NULL,
  `description` text NOT NULL,
  `info` int(11) NOT NULL DEFAULT '1',
  `series` text NOT NULL,
  `os_min` varchar(50) NOT NULL,
  `cp_min` varchar(50) NOT NULL,
  `op_min` varchar(11) NOT NULL,
  `vk_min` varchar(50) NOT NULL,
  `pd_min` varchar(11) NOT NULL,
  `os_max` varchar(50) NOT NULL,
  `cp_max` varchar(50) NOT NULL,
  `op_max` varchar(11) NOT NULL,
  `vk_max` varchar(50) NOT NULL,
  `pd_max` varchar(11) NOT NULL,
  `is_new` int(11) NOT NULL DEFAULT '0',
  `is_recommended` int(11) NOT NULL DEFAULT '0',
  `is_sale` int(11) NOT NULL DEFAULT '0',
  `is_pre` int(11) NOT NULL DEFAULT '0',
  `status` int(11) NOT NULL DEFAULT '1'
) ENGINE=InnoDB DEFAULT CHARSET=utf8;

--
-- Dumping data for table `product`
--

INSERT INTO `product` (`id`, `category_id`, `teg_id`, `other_id`, `like_id`, `series_id`, `name`, `code`, `price`, `price_sale`, `developer`, `publisher`, `date`, `image`, `imagerec`, `description`, `info`, `series`, `os_min`, `cp_min`, `op_min`, `vk_min`, `pd_min`, `os_max`, `cp_max`, `op_max`, `vk_max`, `pd_max`, `is_new`, `is_recommended`, `is_sale`, `is_pre`, `status`) VALUES
(1, 1, 3, 2, 15, 0, 'The Witcher 3: Wild Hunt', 1110, 450, 1200, 'CD PROJEKT RED', 'CD PROJEKT RED', '2015-11-10', '1.jpg', '', '«Ведьмак 3: Дикая Охота» — это сюжетная ролевая игра с открытым миром. Её действие разворачивается в поразительной волшебной вселенной, и любое ваше решение может повлечь за собой серьёзные последствия. Вы играете за профессионального охотника на монстров Геральта из Ривии, которому поручено найти Дитя предназначения в огромном мире, полном торговых городов, пиратских островов, опасных горных перевалов и заброшенных пещер.\r\nОСНОВНЫЕ ОСОБЕННОСТИ\r\nИГРАЙТЕ ЗА ПРОФЕССИОНАЛЬНОГО УБИЙЦУ ЧУДОВИЩ\r\nВедьмаки с детства готовятся к борьбе с чудовищами. Благодаря мутациям и усердным тренировкам ведьмаки обретают сверхчеловеческие способности, силу и скорость реакции. Только они могут дать отпор чудовищам, которые в их мире совсем не редкость.\r\n\r\nБез пощады уничтожайте врагов, играя за профессионального охотника на чудовищ. В вашем распоряжении целый арсенал улучшаемого оружия, мутагенных зелий и боевых заклинаний.\r\nОхотьтесь на самых разных чудовищ, от диких высокогорных тварей до хитрых созданий, что таятся в тёмных переулках больших городов.\r\nНа заработанные деньги улучшайте оружие, приобретайте небывалую броню... или просто спускайте всё на скачки, игры, кулачные бои и другие приятные развлечения.\r\n\r\nИССЛЕДУЙТЕ ОТКРЫТЫЙ ФАНАСТИЧЕСКИЙ МИР, ЛИШЕННЫЙ МОРАЛИ\r\nОгромный мир «Ведьмака», созданный специально для бесконечных приключений, задаёт новые стандарты для игровых вселенных.\r\n\r\nИсследуйте заброшенные руины, пещеры и остовы затонувших кораблей. Торгуйте с купцами и краснолюдскими мастерами в городах. Охотьтесь в пустошах, в горах и на море.\r\nЗаключайте сделки с вероломными военачальниками, коварными ведьмами и продажной знатью — и оказывайте им тёмные и опасные услуги.\r\nПринимайте решения в ситуациях, к которым неприменимы понятия добра и зла — и будьте готовы к неожиданным, далеко идущим последствиям.\r\n\r\nОТЫЩИТЕ ДИТЯ ПРЕДНАЗНАЧЕНИЯ\r\nЗаключите самый важный контракт — найти Дитя предназначения, ключ к спасению или гибели этого мира.\r\n\r\nВ самый разгар войны отыщите Дитя предназначения, живое оружие невероятной мощи, чьё явление было предсказано в легендах.\r\nБоритесь с жестокими правителями, дикими духами и скрытыми угрозами — ведь все вокруг одержимы идеей захватить мир! Да и стоит ли этот мир спасения?..\r\n\r\nПОЛНОЕ СООТВЕТСТВИЕ СЛЕДУЮЩЕМУ ПОКОЛЕНИЮ\r\nДвижок REDengine 3, предназначенный исключительно для оборудования нового поколения, воссоздаёт мир «Ведьмака» во всех деталях и красках.\r\nДинамичная погодная система и переключение между днем и ночью влияют на поведение людей и чудовищ.\r\nОгромный открытый мир с множеством сюжетных развилок в основном и дополнительных сценариях теперь ещё более чутко реагирует на действия и решения игрока.', 1, '', '64-bit Windows 7, 64-bit Windows 8 (8.1) or 64-bit', 'Intel CPU Core i5-2500K 3.3GHz / AMD CPU Phenom II', '6', 'Nvidia GPU GeForce GTX 660 / AMD GPU Radeon HD 787', '35', '64-bit Windows 7, 64-bit Windows 8 (8.1) or 64-bit', 'Intel CPU Core i7 3770 3.4 GHz / AMD CPU AMD FX-83', '8', 'Nvidia GPU GeForce GTX 770 / AMD GPU Radeon R9 290', '35', 0, 1, 1, 0, 1),
(2, 1, 3, 2, 0, 0, 'Divinity: Original Sin 2 - Definitive Edition', 1192, 799, 0, 'Larian Studios', 'Larian Studios', '2017-09-14', '2.jpg', '', 'Божественный мертв. Пустота надвигается. А внутри вас просыпаются доселе неведомые силы. Битва за божественность началась. Тщательно выбирайте, кому верить: в эти непростые времена тьма может скрываться в каждом сердце.\r\n\r\nКем вы хотите стать?\r\nЭльфом, поедающим плоть собратьев? Царственным ящером? Мертвецом, восставшим из могилы? Окружающий мир будет реагировать на вас в зависимости от вашего выбора.\r\nПришло время нового бога!\r\nСобирайте отряд и развивайте отношения со спутниками. Расправляйтесь с врагами в продуманных тактических пошаговых сражениях. Пользуйтесь ландшафтом как оружием; используйте высоту, чтобы получить преимущество, и загоняйте врагов в ловушки.\r\nСтаньте богом, в котором так отчаянно нуждается Ривеллон.\r\nИсследуйте обширный мир Ривеллона в одиночку или вместе с друзьями. Играть могут до 4 игроков одновременно, присоединяясь к игре и выходя из нее в любой момент. Направляйтесь куда угодно, отпустите на волю свое воображение и изучайте бесчисленные возможности взаимодействия с игровым миром. А после приключений в Ривеллоне вас ждут новый PvP-режим и режим гейм-мастера!\r\nВыберите расу и биографию на свой вкус. Вы можете играть за любого из 6 уникальных персонажей – каждого со своими историей и задачами – или же создать собственного героя: человека, ящера, эльфа, гнома или нежить. Но помните: у каждого выбора есть последствия.\r\n\r\nНеограниченная свобода для странствий и экспериментов – идите куда угодно, говорите с кем угодно, используйте что угодно! Вы можете убить любого неигрового персонажа, не жертвуя при этом прохождением, можете говорить со всеми животными. Даже у призраков есть свои секреты...\r\n\r\nНовое поколение пошаговых боев: расправляйтесь с врагами, используя силы стихий и их сочетания, а также не забывайте использовать окружение. Вам доступны более 200 навыков 12 разных школ. Но будьте осторожны: игровой ИИ 2.0 неимоверно хитер и находчив!\r\n\r\nСовместная игра до 4 игроков по сети или в режиме разделения экрана: играйте с друзьями по сети или на разделенном экране с полной поддержкой геймпадов.\r\n\r\nРежим гейм-мастера: дайте волю воображению и творите собственные приключения в режиме гейм-мастера. Загружайте любительские кампании и моды через Steam Workshop.\r\n\r\nПоддержка 4K: небывалые впечатления 4K открывают для ролевых игр новую эпоху!', 1, '', 'Windows 7 SP1 64-bit or Windows 8.1 64-bit or Wind', 'Intel Core i5 or equivalent', '4', 'NVIDIA® GeForce® GTX 550 or ATI™ Radeon™ HD 6XXX o', '60', 'Windows 7 SP1 64-bit or Windows 8.1 64-bit or Wind', 'Intel Core i7 or equivalent', '8', 'NVIDIA GeForce GTX 770 or AMD R9 280', '60', 0, 0, 0, 0, 1),
(3, 3, 1, 0, 0, 0, 'The Sims 3', 1136, 599, 0, 'The Sims Studio', 'Electronic Arts', '2009-06-05', '3.jpg', '', 'Свобода The Sims 3 вдохновляет своей непредсказуемостью и предлагает безграничные возможности для игры и веселья! Создавайте миллионы уникальных персонажей и управляйте их жизнью. Изменяйте их внешний вид и характеры. Стройте для них дома: от роскошных особняков с эксклюзивной мебелью до причудливых коттеджей. Отправляйте своих героев исследовать непрерывно меняющийся открытый мир за порогом своего дома и знакомьтесь с другими персонажами. Загружайте эксклюзивные материалы и делитесь своими работами с другими игроками по сети. Новая система быстрых целей и наград позволяет вам самостоятельно решать судьбу героев The Sims 3 и исполнять (или разрушать!) их мечты и планы.\r\nКлючевые особенности\r\nСоздайте персонажа своей мечты и наделите его уникальными чертами характера! Настройте внешность и характер персонажей на свой вкус. Какого персонажа создадите вы: безнадежного романтика, злого гения или же параноидального клептомана?Судьба персонажей в ваших руках! Воплотите в жизнь мечты ваших подопечных, исполняя (или не исполняя) их желания. Станут ли ваши герои ловкими ворами, рок-звездами или мировыми лидерами — это зависит лишь от вас. \r\nИзменяйте все вокруг! Постройте дом мечты ваших персонажей. Перед вами открыты безграничные возможности настройки их одежды, мебели или транспортных средств.\r\nИсследуйте новые области! Отправьте персонажей на встречу с друзьями в парке, на свидание в закусочной, в гости к соседям или даже пообщаться с не очень привлекательными обитателями кладбищ.\r\nПрисоединяйтесь, делитесь, покупайте! Загружайте эксклюзивные дополнения, делитесь с друзьями своими видеороликами и созданными объектами, и многое другое - с помощью вашей учетной записи.', 2, '', 'Windows XP (с пакетом обновлений 2) и Windows Vist', '(XP) Pentium IV с тактовой частотой 2,0 ГГц или ан', '1', 'со 128 МБ видеопамяти, поддерживающая Pixel Shader', '6', 'Windows XP (с пакетом обновлений 2) и Windows Vist', '(XP) Pentium IV с тактовой частотой 2,0 ГГц или ан', '1', 'со 128 МБ видеопамяти, поддерживающая Pixel Shader', '6', 1, 0, 0, 0, 1),
(4, 2, 3, 2, 0, 0, 'The Mafia 2', 1461, 999, 0, '2K Czech', '2K', '2011-03-22', '4.jpg', '', 'Вито Скалетта начал завоевывать себе репутацию на улицах Эмпайр Бэй являясь «тем, кто точно выполнит свою работу». Вместе со своим другом Джо он упорно выполняет различные поручения, чтобы завоевать доверие Мафии, быстро поднимаясь по «семейной» лестнице, все сильнее нарушая закон, все сильнее поднимая свой статус и все сильнее приближая момент, когда ему придется столкнуться с последствиями своих действий… Похоже, быть мафиози не так уж и просто, как может показаться.\r\nКлючевые особенности игры:\r\nКуча экшена: интенсивные перестрелки, погони и драки — вам придется сделать все и даже больше, чтобы стать настоящим «мафиози».\r\nВеликолепная гангстерская история: вдохновившись лучшими мафиозными драмами, сценаристы создали потрясающий «фильм» с убедительными персонажами и духом настоящей мафии.\r\nПогружение в иной мир: эпоха Эмпайр Бэй — самый разгар Второй мировой войны, отголоски которой удивительно четко видны в архитектуре, музыке, машинах и одежде. Спустя некоторое время на улицах появляются первые хотроды, стиль 50-х, музыка и все остальное, что связано с теми прекрасными годами.\r\nIllusion Engine™: Разработка 2K Czech, проприетарный движок Illusion Engine позволит вам насладиться живописными морскими пейзажами, городскими улочками и всем остальным, что только вы сможете найти.\r\nСоответствующее времени музыкальное сопровождение: вы будете поражены атмосферой Mafia II, которую создают композиции лучших исполнителей той эры.\r\n', 1, '', 'Microsoft Windows XP (с пакетом обновлений 2 или н', 'Pentium D с тактовой частотой 3 ГГц или AMD Athlon', '1', 'nVidia GeForce 8600 / ATI HD2600 Pro или лучше', '8', 'Microsoft Windows XP (с пакетом обновлений 2 или н', 'четырехъядерный с тактовой частотой 2,4 ГГц', '2', 'nVidia GeForce 9800 GTX / ATI Radeon HD 3870 или л', '10', 0, 1, 0, 0, 1),
(5, 5, 3, 3, 0, 0, 'Need For Speed Most Wanted', 1589, 500, 0, 'Electronic Arts', 'Electronic Arts', '2005-11-02', '5.jpg', '', 'Одна из лучших игр в серии по мнении, как разработчиков, так и игроков. После двух частей Undeground казалось, что лучше игру уже не придумаешь, да и игроки были впечатлены настолько, что их уже ничем нельзя было удивить. Однако, спустя год вышла новая часть гоночного симулятора EA Black Box, который обещал отличный от прошлых игр сеттинг, а также возвращение полиции в жилые районы города. Need For Speed Most Wanted отвлек всех от прошлых частей игр и сосредоточил внимание всей игровой общественности исключительно на себе, о чем говорит то, что многие пользователи, которые далеки от игровой деятельности, частенько устанавливали себе этот шедевр, чтобы вечерами отвлекаться от проблем. Игра быстро занимала высшие позиции в рейтинговых чартах, но что сделало её такой популярной? Сюжетная линия, над которой работала команда разработчиков, была действительно интересной и неожиданной. Геймплей был изменен, однако, многое из прошлых частей игры перекочевало в Most Wanted, что позволило создать практически идеальную гоночную игру с классной системой стайлинга и тюнинга, при этом добавив туда полицию с обновленным искусственным интеллектом, а также более реалистичную физику езды.', 1, '', 'Windows XP / Windows Vista / Windows 7', 'Pentium IV 1.5ГГц / Athlon XP 2.2ГГц ', '512', '256 Мб nVidia Geforce 3 Ti/ 256 Мб ATI Radeon 7500', '3', 'Windows XP / Windows Vista / Windows 7', 'Pentium IV 1.5ГГц / Athlon XP 2.2ГГц ', '512', '256 Мб nVidia Geforce 3 Ti/ 256 Мб ATI Radeon 7500', '3', 1, 0, 0, 0, 1),
(6, 1, 3, 0, 0, 0, 'Divinity Original Sin 1', 4689, 1200, 0, 'Larian Studios', 'Larian Studios', '2014-06-30', '1.jpg', '', 'Divinity: Original Sin Enhanced Edition - переиздание Divinity: Original Sin - ролевой игры в духе старой школы с большим открытым миром, в которой игроки управляют группой персонажей различных классов. Из заметных улучшений в издании Enhanced Edition стоит выделить совершенно новые визуальные эффекты благодаря поддержке DirectX 11, камеру на 360°, поддержку новой схемы управления (контроллер), переработанный сюжет с новыми заданиями (несколько часов нового контента, появится новая концовка), персонажами и стилями прохождения, а еще новые режимы игры и другие нововведения.\r\n', 1, '', 'Windows 7 SP1 64-bit or Windows 8.1 64-bit or Wind', 'Intel Core2 Duo E6600 or equivalent', '2', 'DirectX 11 Compatible GPU', '10', 'Windows 7 SP1 64-bit or Windows 8.1 64-bit or Wind', 'Intel i5 2400 or higher', '4', 'NVIDIA® GeForce® GTX 550 or ATI™ Radeon™ HD 6XXX o', '10', 0, 1, 0, 0, 1),
(7, 1, 3, 11, 0, 0, 'The Witcher 2 Assassins of Kings', 1192, 250, 800, 'CD PROJEKT RED', 'CD PROJEKT RED', '2011-05-07', '2.jpg', '', '«Ведьмак 2: Убийцы королей», вторая часть приключений профессионального охотника на монстров Геральта из Ривии, разворачивает зрелую, философскую историю — продолжение одной из наиболее детально проработанных ролевых игр, когда-либо выходивших для ПК.\r\n\r\nПришло время невиданного хаоса. Могущественные силы сталкиваются в борьбе за власть и величие. Северные королевства готовятся к войне. Но даже армии не могут помешать этому заговору, и прольётся кровь…\r\nОСНОВНЫЕ ОСОБЕННОСТИ\r\nУВЛЕКАТЕЛЬНЫЙ НЕЛИНЕЙНЫЙ СЮЖЕТ\r\nГлубокий нелинейный сюжет игры никого не оставит равнодушным.\r\nОтправьтесь в долгое и трудное приключение в самобытном волшебном мире из книг Анджея Сапковского.\r\nВключайтесь в сюжетный игровой процесс длительностью более 40 часов — с четырьмя вариантами начала и шестнадцатью вариантами концовки. И помните: каждое ваше решение может привести к необратимым последствиям.\r\nЗРЕЛИЩНЫЕ И ЖЕСТОКИЕ ТАКТИЧЕСКИЕ БИТВЫ\r\nНеповторимая боевая система сочетает в себе динамичный боевик и продуманные механики ролевой игры.\r\nВ вашем распоряжении уникальное колдовское оружие для ближнего и дальнего боя.\r\nТактические возможности весьма богаты: вы можете создавать зелья, расставлять ловушки, творить заклинания и подкрадываться к противнику незаметно.\r\nОГРОМНАЯ РЕАЛИСТИЧНАЯ ИГРОВАЯ ВСЕЛЕННАЯ\r\nОткройте богатый и глубокий игровой мир, где зловещие события меняют жизни целых народов, а кровожадные монстры в любой момент могут наброситься из теней.\r\nИсследуйте многочисленные локации: оживлённые рынки, шумные шахтёрские города, могучие замки, неприступные крепости... Узнайте истории, которые они хранят, и секреты, что они прячут.\r\nПЕРЕДОВЫЕ ТЕХНОЛОГИИ\r\nНеобычайно живой и правдоподобный мир с прекрасной графикой и отлично проработанной внутриигровой механикой стал возможен благодаря REDengine, эксклюзивной технологии CD PROJECT RED.', 1, '', 'Windows XP/Vista/7', 'двухъядерный Intel с тактовой частотой 2,2 ГГц или', '2', 'GeForce 8800 (с 512 МБ видеопамяти) или Radeon HD3', '2', 'Windows XP/Vista/7', 'Intel или AMD Quad-Core', '4', 'GeForce 260 (с 1 ГБ видеопамяти) или Radeon HD 485', '25', 0, 0, 1, 0, 1),
(8, 2, 3, 1, 0, 0, 'S.T.A.L.K.E.R.: Shadow of Chernobyl', 1136, 600, 0, ' GSC Game World', ' GSC Game World', '2007-03-20', '3.jpg', '', 'В 1986 году на Чернобыльской АЭС произошла худшая в мире ядерная катастрофа. Советские власти установили вокруг места катастрофы \'Зону отчуждения\', но второй взрыв сотряс реактор в 2006 году, создавая ту Зону, которую мы знаем – опасное радиоактивное место, заполненное странной, аномальной энергией, ставшее местом обитания для мутировавших существ. Зона огорожена военными, которые готовы стрелять на поражение во всех, кто будет настолько глуп, чтобы пробраться в нее.\r\n\r\n2012 год. Зона все еще является опасным местом, несущим угрозу всему человечеству. Наемники, охотники за наградами и исследователи продвигаются все глубже в сердце Зоны, в надежде заполучить странные \'артефакты\', наполненные аномальной энергией. Чтобы продать их затем на черном рынке или попробовать найти \'правду\', заключенную в Зоне. Какой бы ни была их изначальная мотивация, этих людей стали называть сталкерами – от S.T.A.L.K.E.R., что расшифровывается как Scavengers (мусорщики), Trespassers (нарушители), Adventurers (искатели приключений), Loners (одиночки), Killers (убийцы), Explorers (исследователи) и Robbers (грабители).\r\n\r\nВам придется найти свой собственный путь, чтобы выжить в Зоне!\r\n\r\nСюжетная линия, вплетенная в нелинейный открытый и живой игровой мир.\r\nТочно смоделированные здания и локации реального мира из глубин Чернобыльской Зоны Отчуждения.\r\nУникальный геймплей жанра \'Survival FPS\' – с комбинацией экшена, стелса, выживания и ролевых элементов, которые оставят вам незабываемые впечатления от игры в Зоне.\r\nСистема оценки угрозы для Искусственного Интеллекта - неигровые персонажи реагируют на меняющееся окружение и различные ситуации.\r\nРеалистичные боевые механики с точной системой баллистики.\r\nСистема динамической смены дня и ночи, а также меняющиеся погодные условия воздействуют на геймплей.\r\nУлучшенная физика и эффекты динамического освещения на движке \'X-Ray Engine\'.\r\nНапряженные многопользовательские баталии, поддерживающее до 32 игроков.', 1, '', 'Microsoft® Windows® XP (с пакетом обновлений 2)/Mi', 'Intel Pentium 4 с тактовой частотой 2 ГГц / AMD XP', '1', 'со 128 МБ видеопамяти, совместимая с DirectX® 8.0 ', '6', 'Microsoft® Windows® XP/Vista (с пакетом обновлений', 'Intel Core 2 Duo E6400 / AMD 64 X2 4200+ ', '2', 'с 256 МБ видеопамяти, совместимая с DirectX® 9.0c ', '10', 0, 0, 0, 0, 1),
(9, 2, 3, 11, 0, 0, 'The Witcher 1', 1461, 450, 0, 'CD PROJEKT RED', 'CD PROJEKT RED', '2008-09-16', '4.jpg', '', '«Ведьмак» — ролевая игра, действие которой разворачивается в мрачном фэнтезийном мире. Мораль здесь — понятие относительное, а грань между добром и злом стёрта. Создатели игры уделили большое внимание сюжету и развитию персонажей, а тщательно продуманная боевая система в режиме реального времени делает историю ещё динамичней.\r\n\r\nИграя за ведьмака Геральта из Ривии, вы попадёте в самую гущу интриг, которые плетут противоборствующие силы в стремлении обрести власть над миром. Вам не раз придётся делать сложный выбор и иметь дело с последствиями своих решений. Эта игра погрузит вас в удивительную сказку, подобных которой не найти.\r\n\r\nОСНОВНЫЕ ОСОБЕННОСТИ\r\nГЕРАЛЬТ ИЗ РИВИИ: УНИКАЛЬНЫЙ ГЕРОЙ\r\nПримерьте на себя роль Геральта из Ривии — харизматичного воина, профессионального охотника за чудовищами.\r\nВ вашем распоряжении более 250 особых способностей, боевых навыков и магических сил, из которых можно выбрать на своё усмотрение, создавая себе идеального персонажа.\r\nОРИГИНАЛЬНЫЙ МИР ИЗ ЛЮБИМЫХ КНИГ\r\nИгра перенесёт вас внутрь повествования знаменитой литературной серии польского писателя Анджея Сапковского. Это возможность с головой окунуться в его жестокий и мрачный сказочный мир, где нет черного и белого, праведного и ложного.\r\n\r\nНЕЛИНЕЙНЫЙ СЮЖЕТ\r\nПогрузитесь в эпическую историю, полную неожиданных поворотов и неоднозначных решений, которые меняют ход сюжета.\r\nВыполняя задания, выбирайте разные пути, чтобы узнать, как ваши действия повлияют на развитие событий и приведут к одной из трёх возможных концовок.\r\n\r\nВЕЛИКОЛЕПНЫЙ ТАКТИЧЕСКИЙ БОЕВИК\r\nБоевые действия в режиме реального времени основаны на техниках средневекового фехтования. Они детально продуманы и при этом интуитивно понятны.\r\nСражайтесь, используя шесть боевых стилей, разнообразные зелья, сложные алхимические рецепты, изменяемое оружие и мощные заклинания, которые добавят игре тактической глубины.\r\nНад захватом движения работали мастера по средневековым единоборствам из известной франкфуртской студии Metric Minds. Результат их трудов — это 600 аутентичных анимаций боя.', 1, '', 'Microsoft® Windows® /XP/Vista', 'Intel Pentium 4 2.4 ГГц или Athlon 64 +2800 (реком', '1', 'NVIDIA GeForce 6600 или ATI Radeon 9800 или лучше ', '15', 'Microsoft® Windows® /XP/Vista', 'Intel Pentium 4 2.4 ГГц или Athlon 64 +2800 (реком', '2', 'NVIDIA GeForce 6600 или ATI Radeon 9800 или лучше ', '15', 0, 0, 0, 0, 1),
(10, 2, 2, 0, 0, 0, 'Overwatch', 8965, 1200, 0, 'Blizzard Entertainment', 'Blizzard Entertainment', '2016-03-24', '5.jpg', '', 'Overwatch - это командный шутер от Blizzard, выполненный в мультяшной стилистике. Игрокам предстоит сражаться друг с другом на разных аренах в нескольких разных режимах, выбрав одного из двух десятков уникальных героев, каждый из которых обладает своей историей и навыками. Играть предстоит как за \"добрых\", так и за \"плохих\" персонажей, которые разбиты на четыре класса. \r\n\r\nСобытия игры разворачиваются в будущем, после восстания роботов. С роботами было покончено силами организации Overwatch - группы героев и приключенцев, которые помогали разным странам с решением проблемы роботов. Спустя десятилетие организация распалась, и ее членам пришлось разойтись по разным сторонам света. Однако спустя некоторое время из-за расцвета преступности бывшим членам организации вновь пришлось взяться за оружие, чтобы не допустить гибели мирных жителей.', 3, '', 'Windows® Vista/7/ 8/10 64-bit с последним пакетом ', 'Intel® Core™ i3 или AMD Phenom™ X3 865', '4', 'NVIDIA® GeForce® GTX 460, ATI Radeon™ HD 4850 или ', '5', 'Windows® Vista/7/ 8/10 64-bit с последним пакетом ', 'Intel® Core™ i5 или AMD Phenom™ II X3, 2,8 ГГц', '6', 'NVIDIA® GeForce® GTX 660 или ATI Radeon™ HD 7950', '5', 1, 0, 0, 0, 1),
(11, 1, 3, 0, 0, 0, 'Torchlight', 7688, 249, 0, 'Runic Games', 'Runic Games', '2009-02-27', '1.jpg', '', 'Добро пожаловать в Сумеречный! Сумеречный — это небольшой шахтерский городок на горе с богатыми залежами эмбера — загадочной руды, способной как придавать магические свойства, так и искажать все до неузнаваемости. Пещеры и шахты теперь полнятся ордами чудовищных существ, усиленных воздействием эмбера. Выберите одного из трех героев и отправьтесь в подземелья под городом — и да пребудут с вами слава и добыча.\r\nКлючевые особенности\r\n\r\nЭЛЕМЕНТ СЛУЧАЙНОСТИ\r\nНи одно приключение не будет походить на предыдущее. Игроку доступно семь детально проработанных типов ландшафта, которые каждый раз будут строиться случайным образом. Расположение противников, сокровищ, головоломок и предметов каждый раз будет новым.\r\n\r\nВОЗМОЖНОСТЬ МОДИФИКАЦИИ\r\nВсе инструменты, использованные при создании Torchlight, полностью доступны вам в пакете TorchED. С их помощью вы сможете как просто подстроить игровой процесс под свои предпочтения, так и полностью изменить весь игровой мир.\r\n\r\nПИТОМЦЫ И РЫБАЛКА\r\nОтвлекитесь от битв и головоломок и отправьтесь порыбачить! Улов может помочь в вашем приключении. Кстати, странствовать одиночку вовсе не обязательно: при старте игры вы выбираете себе питомца-компаньона. Питомец может носить поклажу, помогать вам в бою и даже превращаться в нечто более могучее, если вы скормите ему определенную рыбку!\r\n\r\nОТСТАВКА\r\nПриключение не заканчивается, даже если герой уходит на покой. Отправьте его в отставку — а новому персонажу достанется в наследство уникальный улучшенный предмет.', 1, '', 'Windows XP or later', 'x86-compatible 800MHz processor', '1', 'DirectX-compatible 3D graphics with at least 64MB ', '0', 'Windows XP or later', 'x86-compatible 800MHz processor', '1', 'DirectX-compatible 3D graphics with at least 64MB ', '0', 0, 0, 0, 0, 1),
(12, 1, 3, 0, 0, 0, 'Torchlight 2', 3467, 419, 0, 'Runic Games', 'Runic Games', '2012-09-20', '2.jpg', '', 'Признанный хит жанра экшен-RPG возвращается на ваши экраны! Случайно генерируемые уровни Torchlight II до краев наполнены врагами и ценной добычей. Новая часть серии сохраняет атмосферу и дух оригинала, значительно расширяя при этом мир игры. Более того, здесь появилось то, чего с таким нетерпением ждали многие игроки: сетевой режим для игры по Интернету или в локальной сети. Судьба мира снова в ваших руках.\r\nКлючевые особенности\r\n\r\nПЕРСОНАЖИ\r\nЧетыре различных класса позволят выбрать именно тот стиль игры, который подходит именно вам. Можно создать мужского или женского персонажа и сделать его по-настоящему уникальным, настроив внешний вид. \r\n\r\nСЕТЕВАЯ ИГРА\r\nИграйте с друзьями по локальной сети или Интернету совершенно бесплатно. Система подбора группы поможет найти напарников со всего мира. \r\n\r\nОТКРЫТЫЙ МИР\r\nИсследуйте огромный открытый мир Вилдерана и не забудьте заглянуть в один из множества городов на своем пути. Дождь, снег, день или ночь — ваши герои всегда готовы к бою! Случайная генерация уровней не даст вам заскучать: каждое прохождение будет уникальным.\r\n\r\nВОЗМОЖНОСТЬ МОДИФИКАЦИИ \r\nTorchlight II поддерживает работу с Мастерской Steam: автоматическую подписку на модификации и их синхронизацию. Более тысячи модификаций позволят вам изменить игру до неузнаваемости. А если захотите создать что-то свое и поделиться этим с другими игроками — используйте редактор GUTS!\r\n\r\nНОВАЯ ИГРА ПЛЮС\r\nВ режиме «Новая игра плюс» игра не закончится, пока вы сами этого не захотите. После прохождения основной кампании Torchlight II вы сможете начать игру заново тем же персонажем на более высокой сложности. Все золото, снаряжение и навыки, добытые тяжким трудом, останутся с вами!\r\n\r\nПИТОМЦЫ И РЫБАЛКА \r\nВ Torchlight II вы снова найдете, чем занять свободное время. Ваш питомец все еще будет бегать за вас в город, чтобы продать добычу — но теперь он научился и многим другим полезным вещам.', 1, '', 'Windows XP с пакетом обновления 3/Vista/Windows 7', 'совместимый с x86, с частотой 1,4 ГГц или лучше ', '1', 'совместимая с DirectX, с 256 МБ доступной памяти.', '1', 'Windows XP с пакетом обновления 3/Vista/Windows 7', 'совместимый с x86, с частотой 1,4 ГГц или лучше ', '1', 'совместимая с DirectX, с 256 МБ доступной памяти.', '1', 0, 0, 0, 0, 1),
(13, 2, 3, 0, 0, 0, 'Tom Clancy’s Splinter Cell Blacklist', 3566, 150, 999, 'Ubisoft Toronto', 'Ubisoft ', '2013-08-29', '3.jpg', '', 'Вооруженные силы США базируются более чем в 2/3 стран мира, и некоторым из них это надоело. Группа террористов, называющая себя «Инженеры», готовит ультиматум, известный как ЧЕРНЫЙ СПИСОК – список атак, направленных против важных для США объектов, которые будут осуществлены, если не будут выполнены их требования. Специальный агент Сэм Фишер теперь возглавляет недавно сформированный «Четвертый эшелон» – секретное подразделение, подотчетное только Президенту США. Любой ценой необходимо выследить «Инженеров», прежде чем угрозы из Черного списка будут осуществлены.\r\nОсобенности проекта\r\nБезграничная война с террором:\r\nДля выполнения задания Сэм получил новейшее оружие и снаряжение, а также полную свободу действий. Неважно, где развернутся события, будь то крупнейшие мегаполисы США или удаленные уголки земного шара, Сэм не остановится ни перед чем, чтобы отыскать террористов до того, как выйдет отпущенное стране время.\r\n\r\nВаш собственный стиль игры:\r\nSplinter Cell Blacklist не отходит от идеи серии и в то же время не боится исследовать новые пути в представлении игрового процесса. Игроки могут самостоятельно определять стиль своей игры и будут вознаграждены за свой выбор. \r\nПризрак – для тех, кто хочет оставаться в тени, кто анализирует обстановку и планирует безопасные пути, не оставляя следов. Это стиль для идеальных шпионов. \r\nШтурмовик – для тех, кто полагается на реакцию и лобовые атаки. Стиль для тех, кто сразу открывает огонь. \r\nПантера – для тех, кто ищет самый эффективный путь, совершая профессиональные убийства. Стиль хирургически точных операций.\r\n\r\nСовершенные орудия:\r\nУничтожьте «Инженеров» с помощью новых гаджетов, таких как улучшенная гибкая камера и трехроторный дрон. Среди орудий Сэма поклонники также найдут полюбившиеся им шокер и изогнутый, внушающий ужас клинок для ближнего боя. Любители скрытных операций смогут использовать широкие возможности Сэма в деле нейтрализации противников, в то время как «Убийство в движении» позволит игрокам уничтожать группы врагов одним движением с хирургической точностью.\r\n\r\nСоздайте новый эшелон:\r\nПолучив задание Президента, Сэм приступил к созданию нового отряда – команды, готовой играть по его правилам. Анна Гримсдоттир – оперативный руководитель, агент ЦРУ Исаак Бриггс отвечает за огневую поддержку, завершает список хакер Чарли Коул. Обладая безграничными ресурсами и новейшими технологиями, включая собственный переоборудованный самолет-невидимку «Паладин», отряд «Четвертый эшелон» готов выполнить задание любой сложности.\r\n\r\nОцените высокие технологии\r\nИнтерфейс Стратегических Операций на борту \r\n«Паладина» отслеживает события, происходящие по всему миру, в режиме реального времени, так что Сэм и его команда смогут узнать о событиях сразу после того, как они произошли. Это позволит получить доступ к деталям операции еще на подлете к цели. «Паладин» также является центром доступа ко всем игровым материалам, включая кооперативный и соревновательный режимы. С помощью ИСО игроки могут использовать глобальную экономическую систему игры, которая позволяет полностью модифицировать и улучшать Сэма, его костюм, очки, оружие, «Паладин» и многое другое.', 1, '', 'Windows® XP (SP3) / Windows Vista® (SP2) / Windows', '2.53 GHz Intel® Core™2 Duo E6400 or 2.80 GHz AMD A', '2', '512 MB DirectX® 10–compliant with Shader Model 4.0', '25', 'Windows® XP (SP3) / Windows Vista® (SP2) / Windows', '2.66 GHz Intel® Core™2 Quad Q8400 or 3.00 GHz AMD ', '4', '512 MB DirectX® 10–compliant with Shader Model 4.0', '25', 0, 0, 1, 0, 1),
(14, 2, 3, 0, 0, 0, 'Dying light', 6589, 1299, 0, 'Techland', 'Techland Publishing', '2015-01-26', '4.jpg', '', 'Dying Light: сбываются мечты охотников на зомби! Исследуйте город в роли опытного паркурщика, добывайте припасы и создавайте оружие, которое поможет вам защититься от орды голодных мутантов, появившихся в результате неизвестной эпидемии. Как только заходит солнце, охотник превращается в жертву: мутантов становится больше, их силы растут и опаснейшие прыгуны покидают свои гнезда в поисках свежей человечинки. Вам понадобятся все ваши навыки и инструменты, чтобы дожить до рассвета.\r\n\r\n\r\n\r\nИдите куда хотите и взбирайтесь куда хотите, путешествуя по бесшовному открытому миру. Охотитесь ли вы или убегаете от охотников, вы можете перемещаться по всему городу быстро и с легкостью. Прыгайте с крыши на крышу, карабкайтесь по стенам, атакуйте врагов откуда угодно. Навыки паркура — мощное оружие. Применяйте их в бою творчески. Dying Light дает игрокам такую свободу передвижений, какой не может похвастаться ни одна другая игра с открытым миром.\r\n\r\n\r\n\r\nОбъединитесь с друзьями в жестоком мире зомби-апокалипсиса. Отправляйтесь в захватывающее путешествие в зону карантина, проходите вместе сюжетную кампанию и участвуйте в особых совместных испытаниях. Подчеркивайте свою и индивидуальность и меняйте внешность вашего персонажа, используя множество уникальных нарядов.\r\n\r\n\r\n\r\nОщутите, как сковывает ужас с приходом ночи. Бродите по городу днем, пополняйте припасы и находите оружие. Но знайте, что с наступлением темноты мир полностью преобразится, игра приобретет новую глубину и из охотника вы превратитесь в жертву. Мутантов станет больше, их сила вырастет, а из темноты на охоту выйдет нечто еще более зловещее.', 1, '', 'Windows® 7 64-bit / Windows® 8 64-bit / Windows® 8', 'Intel® Core™ i5-2500 @3.3 GHz / AMD FX-8320 @3.5 G', '4', 'NVIDIA® GeForce® GTX 560 / AMD Radeon™ HD 6870 (1G', '40', 'Windows® 7 64-bit / Windows® 8 64-bit / Windows® 8', 'Intel® Core™ i5-4670K @3.4 GHz / AMD FX-8350 @4.0 ', '8', 'NVIDIA® GeForce® GTX 780 / AMD Radeon™ R9 290 (2GB', '40', 0, 0, 0, 0, 1),
(15, 1, 3, 0, 0, 0, 'DARK SOULS III', 9643, 1199, 0, ' FromSoftware, Inc.', ' FromSoftware, Inc.', '2016-04-11', '5.jpg', '', 'Лучшая ролевая игра 2015 года по версии GamesCom.\r\n\r\nDARK SOULS™ III испытает вас на прочность в новой главе саги, определившей лицо жанра.\r\n\r\nОгонь гаснет, мир обращается в руины, и вам предстоят сражения с еще более колоссальными врагами. Традиционная мрачная и атмосфера, напряженные битвы и еще более динамичный геймплей.\r\nЛишь угли тлеют во мраке... Соберитесь с духом и погрузитесь во тьму!', 1, '', 'Windows 7 SP1 64bit, Windows 8.1 64bit Windows 10 ', 'Intel Core i3-2100 / AMD® FX-6300', '4', 'NVIDIA® GeForce GTX 750 Ti / ATI Radeon HD 7950', '25', 'Windows 7 SP1 64bit, Windows 8.1 64bit Windows 10 ', 'Intel Core i7-3770 / AMD® FX-8350', '8', 'NVIDIA® GeForce GTX 970 / ATI Radeon R9 series', '25', 1, 0, 0, 0, 1),
(16, 1, 3, 0, 0, 0, 'DARK SOULS II', 6581, 499, 0, 'FromSoftware, Inc', 'FromSoftware, Inc', '2014-04-25', '1.jpg', '', 'Разработчики из FROM SOFTWARE дарят вам DARK SOULS™ II - долгожданное продолжение нашумевшего хита 2011 года - игры Dark Souls. Это уникальная ролевая игра старой школы, покорившая игроков по всему миру. Здесь вас ждут труднейшие испытания и невероятное чувство удовлетворения.\r\nDARK SOULS™ II привносит традиционный для серии высокий уровень сложности и инновационный игровой процесс как в однопользовательскую, так и в коллективную игру.\r\nНачните свое путешествие, в котором вас ждут непобедимые соперники, дьявольские ловушки и непреодолимые опасности - все то, чего вы ждете от FROM SOFTWARE.\r\nКлючевые особенности\r\nСмерть - еще не конец: погрузитесь в захватывающую игру в огромном мире на новом движке с принципиально новой потрясающей графикой, звуком и спецэффектами.\r\n\r\nЛабиринт монстров и боссов: отправьтесь в головокружительные миры, наполненные причудливыми монстрами и смертельно опасными боссами, которых только смогло придумать воображение разработчиков \"From Software\"\r\n\r\nСенсорная атака: широкий спектр угроз, направленный на активацию человеческих страхов и фобий: слуховых галлюцинаций, головокружений, боязни высоты и т.д.\r\n\r\nДальше и глубже: дополнительные параметры настройки позволят изменять оружие и доспехи под стиль вашей игры\r\n\r\nРасширение многопользовательской игры: обновленная система многопользовательской игры улучшает взаимодействие в онлайне и открывает новый уровень совместной игры и игры друг против друга.\r\n\r\nПродуманный игровой процесс: DARK SOULS™ II - это плавные движения с технологией \"motion capture\", улучшенная система боев, значительно увеличенное количество персонажей, расширенные возможности самостоятельной настройки, новое оружие, доспехи и сбалансированная система развития персонажей.', 1, '', 'Windows Vista SP2, Windows 7 SP1, Windows 8', 'AMD® Phenom II™ X2 555 3.2Ghz or Intel® Pentium Co', '2', 'NVIDIA® GeForce® 9600GT, ATI Radeon™ HD 5870', '12', 'Windows 7 SP1, Windows 8', 'Intel® CoreTM i3 2100 3.10GHz or AMD® A8 3870K 3.0', '4', 'NVIDIA® GeForce® GTX 750 or ATI Radeon™ HD 6870 or', '12', 0, 0, 0, 0, 1),
(17, 1, 3, 0, 0, 0, 'Dragon Age: Origins Awakening', 7690, 299, 0, 'BioWare', 'Electronic Arts', '2010-03-19', '2.jpg', '', 'От создателей лучшей RPG 2009 года, Dragon Age™: Origins, встречайте первый официальный аддон Dragon Age™: Origins Awakening.\r\n\r\nМногие века Серые Стражи – древний орден защитников, поклявшихся объединять и защищать земли – сражались с порождениями тьмы. Легенда гласит, что уничтожение Архидемона положит конец многовековой угрозе, исходящей от порождений тьмы, но каким-то образом они не ушли назад на Глубинные тропы.\r\n\r\nВы стали Серым Стражем Командором и вам доверена обязанность по восстановлению ордена Серых Стражей и раскрытию причины, по которой порождения тьмы остались на поверхности.\r\n\r\nКак вы воссоздадите свой орден, как разрешите конфликт с таинственным Архитектором, и как вы поступите с порождениями тьмы – всё это лишь некоторые из того множества решений, которые станут частью вашего рискованного путешествия в землях Амарантайна.\r\n\r\n\r\nМИР СТАНЕТ ЕЩЕ БОЛЬШЕ\r\nСамая обширная вселенная от BioWare становится еще больше за счет новой территории – Амарантайна.\r\n\r\nРаскройте секрет порождений тьмы и их истинные цели.\r\nВоссоздайте орден Серых стражей и восстановите их древнюю крепость Башню Бдения.\r\n\r\nМНОЖЕСТВО НОВЫХ НЕПРЕДСКАЗУЕМЫХ РЕШЕНИЙ\r\nВновь погрузитесь в эпическую историю, которую полностью пишете вы сами.\r\n\r\nВлияйте на игровой мир своими решениями и поступками.\r\n\r\nНОВЫЕ ВОЗМОЖНОСТИ ДЛЯ ВАШЕГО ГЕРОЯ\r\nОпробуйте новые заклинания, способности, специализации, предметы и настройте свой отряд и героя так, как угодно вам.\r\n\r\nИмпортируйте своего героя из Dragon Age™: Origins или начните новую игру за Серого Стража из Орлея.\r\nПовстречайте пятерых новых компаньонов, а также старых персонажей из Dragon Age™: Origins.\r\n\r\nУЛУЧШЕННАЯ БОЕВАЯ СИСТЕМА\r\nПовстречайтесь и сразитесь с еще более ужасающими созданиями.\r\n\r\nИспытайте себя в бою с разумными порождениями тьмы, а также другими созданиями. Такими как Огненный Голем и Спектральный Дракон.', 1, '', 'Windows XP (SP3) or Windows Vista (SP1) or Windows', 'Intel Core 2 Single 1.6 Ghz Processor (or equivale', '1', 'ATI Radeon X850 256MB or NVIDIA GeForce 6600 GT 12', '20', 'Windows XP (SP3) or Windows Vista (SP1) or Windows', 'Intel Core 2 Duo 2.4 Ghz or AMD Phenom II X2 Dual-', '2', 'ATI 3850 512 MB or NVidia 8800GTS 512MB or greater', '20', 0, 0, 0, 0, 1),
(18, 1, 3, 0, 0, 0, 'Dragon Age: Origins ', 7691, 399, 0, ' BioWare', 'Electronic Arts', '2009-11-06', '3.jpg', '', 'От создателей Mass Effect и Baldur’s Gate встречайте эпическую сагу Dragon Age: Origins.\r\nВам предстоит взять роль Серого Стража, одного из последних представителей когда то легендарного ордена. Когда над миром нависло древнее зло, а королевство охвачено гражданской войной, нужен герой способный объединить раздробленные земли и уничтожить Архидемона раз и на всегда.\r\nПотрясающий игровой мир\r\nОгромный мир, который предоставит вам более 80 часов геймплея. Вселенная новой игры от BioWare в 2 раза масштабнее Mass Effect.\r\nПутешествуете по десяткам локаций, которые полностью погрузят вас в мир находящейся на грани уничтожения.\r\nЭпическая история, которая полностью создается вами.\r\nНепредсказуемость выбора.\r\nВам предстоят не легкие решения.\r\nНачните игру Dragon Age: Origins с выбора одной из шести уникальных Предысторий.\r\nРешайте, какой выбор сделать - будет это добрый поступок или жестокий, зависит только от вас.\r\nПолная настройка персонажей.\r\nСоздайте своего уникального героя.\r\nВ редакторе персонажей вы сможете дать герою собственную внешность, голос, имя, выбрать пол и расу.\r\nЛичность героя будет формироваться в зависимости от поступков, совершенных в процессе игры.\r\nЯростные схватки с врагами.\r\nСражайтесь против огромных и ужасающих существ. \r\nИспользуйте в схватках более 100 умений и заклинаний. \r\nОбезглавливай противников и используй разрушительную магию, разрывающую врага изнутри.\r\n  Броня Кровавого дракона\r\nЭта броня была скована по заказу охотника неварранца, во времена когда драконы были почти истреблены. Они приобрели печальную репутацию после того, как охотник был убит - людьми, а не драконами. \r\nГарантируют высокую защиту от урона в сражении.\r\nВы так же получите эту броню в Mass Effect 2.\r\n  Каменная пленница\r\nДалекая деревня в горах скрывает тайну таинственного голема, который стоит в её центре. Освободите деревню от порождений тьмы и оживите его.\r\nДанное дополнение для Dragon Age: Origins откроет доступ к могучему каменному голему по имени Шейла, который может стать одним из самых сильных членов отряда. Шейла появляется в игре со своей собственной сюжетной линией и даёт уникальные задания. В состав загружаемого дополнения \"Каменная Пленница\" войдут также новые игровые зоны и предметы, не говоря уже о многих дополнительных часах игры, продлевающих время приключений в мире Dragon Age: Origins.\r\nНовый член отряда поможет победить надвигающейся Мор.\r\nНовые игровые локации.\r\nНовые достижения, предметы и варианты развития сюжета Dragon Age: Origins.', 1, '', 'Windows XP (SP3) or Windows Vista (SP1) or Windows', 'Intel Core 2 Single 1.6 Ghz Processor (or equivale', '1', 'ATI Radeon X850 256MB or NVIDIA GeForce 6600 GT 12', '20', 'Windows XP (SP3) or Windows Vista (SP1) or Windows', 'Intel Core 2 Duo 2.4 Ghz or AMD Phenom II X2 Dual-', '2', 'ATI 3850 512 MB or NVidia 8800GTS 512MB or greater', '20', 0, 0, 0, 0, 1),
(19, 2, 3, 0, 0, 0, 'Mafia', 3478, 249, 0, ' Illusion Softworks', '2K', '2002-08-28', '4.jpg', '', '1930 год. После случайной встречи с представителями мафии, таксист Томми Анджело помимо своей воли оказался втянутым в мир организованной преступности. И хотя поначалу ему было нелегко ужиться в мафиозной семье Сальери, уже скоро преимущества нового положения стали слишком очевидны, чтобы их игнорировать. Чем выше он продвигается по карьерной лестнице, тем больше растут его доходы, однако каждая новая работа оказывается грязнее предыдущей. Томми может заслужить уважение всей семьи Сальери и стать настоящим вором в законе, однако этот титул заставит его всерьёз переосмыслить верность выбранного пути.\r\nИзучите город Нью-Хевен\r\nИсследуйте Нью-Хевен, раскинувшийся на тридцати квадратных километрах типичный американский город 1930-х годов, в котором воссоздана архитектура и культура эпохи Великой депрессии.\r\nРеалистичная история и динамичный игровой процесс\r\nВас ждёт более 20 увлекательных заданий, вдохновлённых событиями 30-х годов прошлого века. Пройдите карьерный путь в семье Сальери от рядового члена банды до вора в законе, выполняйте заказы на убийства, участвуйте в погонях и перестрелках, занимайтесь незаконной торговлей алкоголем, ограблением банков и прочими преступными забавами.\r\nСоответствующие времени автомобили и оружие\r\nПочувствуйте себя водителем мафии, садитесь за руль любого из более чем 60 автомобилей, созданных по историческим образцам. Поведение машин отражает физические характеристики авто тех лет, а повреждения рассчитываются в режиме реального времени. \r\nВыполняйте преступные заказы мафии, используя более дюжины видов оружия. Бейсбольные биты, обрезы, револьверы и знаменитый автомат Томпсона — выбирайте сами, как лучше разобраться с теми, кто рискнёт встать у вас на пути.', 1, '', 'Windows XP / Vista / 7 / 8 / 10', '1.4 GHz or faster', '2', '3D Graphics card compatible with DirectX 9.0', '3', 'Windows XP / Vista / 7 / 8 / 10', '1.4 GHz or faster', '2', '3D Graphics card compatible with DirectX 9.0', '3', 0, 0, 0, 0, 1),
(20, 1, 2, 0, 0, 0, 'The Elder Scrolls Online', 1236, 799, 0, 'Zenimax Online Studios', 'Bethesda Softworks', '2014-04-04', '5.jpg', '', 'Experience an ever-expanding story across all of Tamriel in The Elder Scrolls Online, an award-winning online RPG. Explore a rich, living world with friends or embark upon a solo adventure. Enjoy complete control over how your character looks and plays, from the weapons you wield to the skills you learn – the choices you make will shape your destiny. Welcome to a world without limits.\r\nPLAY THE WAY YOU LIKE\r\nBattle, craft, steal, siege, or explore, and combine different types of armor, weapons, and abilities to create your own style of play. The choice is yours to make in a persistent, ever-growing Elder Scrolls world.\r\nTELL YOUR OWN STORY\r\nDiscover the secrets of Tamriel as you set off to regain your lost soul and save the world from Oblivion. Experience any story in any part of the world, in whichever order you choose – with others or alone.\r\nA MULTIPLAYER RPG\r\nComplete quests with friends, join fellow adventurers to explore dangerous, monster-filled dungeons, or take part in epic PvP battles with hundreds of other players.', 3, '', 'Windows 7 64-bit', 'Intel® Core i3 540 or AMD A6-3620 or higher', '3', 'Direct X 11.0 compliant video card with 1GB RAM (N', '85', 'Windows 7 64-bit', 'Intel® Core i5 2300 or AMD FX4350', '8', 'Direct X 11.0 compliant video card with 2GB RAM (N', '85', 0, 1, 0, 0, 1),
(21, 2, 2, 0, 0, 0, 'War Thunder', 5901, 0, 0, 'Gaijin Entertainment', 'Gaijin Entertainment', '2013-08-15', '1.jpg', '', 'War Thunder – это самая масштабная бесплатная многопользовательская онлайн-игра из числа посвященных боевой технике Второй мировой и холодной войн. Авиация, наземные силы и флот сражаются вместе в одном бою, как это и происходило в настоящих сражениях.\r\n\r\nВ War Thunder вы можете опробовать сотни реально существовавших моделей самолетов, ударных вертолетов, наземной техники и боевых кораблей, и развивать навыки ваших экипажей в промежутках между сражениями. В некоторых игровых режимах авиация и наземные силы или флот сражаются вместе, как это и происходило в действительности.\r\nОсобенности:\r\nБолее 1000 детально воссозданных моделей боевых самолетов, вертолетов, кораблей и бронемашин на гусеничном и колесном ходу.\r\n80 карт, представляющих главные театры боевых действий в истории XX века.\r\nДесятки многопользовательских игровых режимов и регулярных внутриигровых событий.\r\nРазнообразный контент как для одиночной, так и для совместной игры: исторические и динамические кампании, отдельные миссии, редактор миссий.\r\nРегулярные большие обновления, добавляющие в игру новую технику, карты, миссии и нации.\r\nКросс-платформенные сражения игроков на PC, PS4, Mac, Linux, Xbox One.\r\nВпечатляющая графика, аутентичные звуки и прекрасная оркестровая музыка.\r\nПоддержка пользовательского контента – подробнее на War Thunder Live.', 3, '', 'Windows 7/Vista/8/10', '2.2 GHz', '4', 'Intel HD Graphics 4000 / AMD Radeon 46XX / NVIDIA ', '8', 'Windows 7 64bit /Vista 64bit /8 64bit /10 64bit', 'Intel Core i5', '8', 'NVIDIA GeForce GTX 650 or higher, AMD Radeon serie', '22', 0, 0, 0, 0, 1),
(22, 5, 2, 0, 0, 0, 'The Crew 2', 3789, 2499, 0, 'Ivory Tower', ' Ubisoft', '2018-06-29', '4.jpg', '', 'Представляем новинку революционной серии игр The Crew! Насладитесь азартом и атмосферой американских моторных состязаний в потрясающем открытом мире The Crew® 2. Добро пожаловать в Motornation — огромную, разнообразную и динамичную площадку для моторных состязаний. Просторы США открыты перед вами: исследуйте сушу, море, небо. Никаких границ! Стритрейсеры и профессиональные гонщики, исследователи бездорожья и поклонники фристайла собираются со всех штатов, от одного побережья до другого, чтобы помериться силой в самых разнообразных дисциплинах. Присоединяйтесь! Жмите на газ и делитесь лучшими моментами со всем миром.\r\n\r\nВ The Crew® 2 вы сможете проявить мастерство и стать чемпионом сразу нескольких видов моторного спорта.\r\n\r\nОСОБЕННОСТИ\r\nДОБРО ПОЖАЛОВАТЬ В MOTORNATION — СОСТЯЗАЙТЕСЬ НА СУШЕ, НА МОРЕ И В НЕБЕ\r\nРаздвигайте границы в погоне за новыми впечатлениями в культовых местах. Пролетите сквозь туман, выполните бочку в облаках над снежными вершинами Скалистых гор, жгите резину в подворотнях Нью-Йорка, пронеситесь по Миссисипи и исследуйте Гранд-Каньон. Сядьте за руль гиперкара своей мечты, прокатитесь на легендарных американских мотоциклах, пилотируйте самые быстрые спортивные самолеты и моторные лодки. Мы создали такие США, где драйв и состязания всегда в режиме «нон-стоп».\r\n\r\nНАСЛАДИТЕСЬ БЕСШОВНЫМ МИРОМ, МГНОВЕННО ПЕРЕКЛЮЧАЯСЬ МЕЖДУ РАЗНЫМИ ВИДАМИ ТРАНСПОРТА\r\nThe Crew® 2 — игра про свободу и исследования за рулем любимых видов транспорта. Переключайтесь между ними одним нажатием клавиши благодаря функции Fast Fav. Ощутите драйв гонки на просторах огромного открытого мира. Мчитесь на гиперкаре своей мечты среди небоскребов Лос-Анджелеса, через миг взмывайте над ними на спортивном самолете. Насладившись видами Голливуда, рассекайте гладь Тихого океана быстрой моторной лодкой по пути к побережью. Встречайте драйв и состязания в режиме «нон-стоп».\r\n\r\n\r\nИСПОЛНИТЕ МЕЧТУ И СТАНЬТЕ ЧЕМПИОНОМ\r\nПрисоединитесь к одной или нескольким группам пилотов со всей страны: стритрейсерам, профессиональным гонщикам, специалистам по бездорожью или фристайлистам. Они познакомят вас с новой техникой, своей спортивной культурой и дисциплинами. Участвуйте в состязаниях, чтобы найти и довести до совершенства свой стиль. Коллекционируйте машины своей мечты, собирайте комплектации по вкусу и хвастайтесь ими в своем штабе. Оставьте след в истории моторного спорта США!\r\n\r\nПОХВАСТАЙТЕСЬ БЛЕСТЯЩИМИ ДОСТИЖЕНИЯМИ\r\nМир The Crew® 2 живет лишь благодаря тому, что вы делитесь достижениями и уникальными моментами с друзьями и широкой публикой. Устанавливайте рекорды и занимайте первые места! Ваши достижения будут сохранены и станут испытанием для других игроков, а вам предстоит затмить успехи других. Сохраняйте лучшие моменты и делитесь ими: достаточно одного нажатия клавиши!', 3, '', 'Windows 7 SP1, Windows 8.1, Windows 10 (64-bit ver', 'Intel Core i5-2400s @ 2.5 GHz or AMD FX-6100 @ 3.3', '8', 'NVIDIA GeForce GTX 660 or AMD HD 7870 (2GB VRAM wi', '0', 'Windows 7 SP1, Windows 8.1, Windows 10 (64-bit ver', 'Intel Core i5-4690k @ 3.5 GHz or AMD Ryzen 5 1600 ', '8', 'NVIDIA GeForce GTX 1060 (6GB) or GTX 970 (4GB) or ', '0', 1, 0, 0, 0, 1),
(23, 2, 2, 0, 0, 0, 'Crossout', 8934, 0, 0, 'Targem Games', 'Gaijin Entertainment', '2017-07-27', '4.jpg', '', 'fffffffffffffffffffffffffffffffffffffffd', 3, '', 'Windows® 7 / Windows® 8 / Windows® 10', 'Intel® Core™ 2 Duo E8500 or AMD Phenom™ II X3 720', '4', 'NVIDIA® GeForce® GT 440 or AMD™ Radeon™ HD 5670 or', '5', 'Windows® 7 / Windows® 8 / Windows® 10', 'Intel® Core™ i5-3330, AMD™ FX-6300, or better', '6', 'NVIDIA® GeForce® GTX 750 Ti or AMD™ Radeon™ R7 260', '5', 0, 0, 0, 0, 1);
INSERT INTO `product` (`id`, `category_id`, `teg_id`, `other_id`, `like_id`, `series_id`, `name`, `code`, `price`, `price_sale`, `developer`, `publisher`, `date`, `image`, `imagerec`, `description`, `info`, `series`, `os_min`, `cp_min`, `op_min`, `vk_min`, `pd_min`, `os_max`, `cp_max`, `op_max`, `vk_max`, `pd_max`, `is_new`, `is_recommended`, `is_sale`, `is_pre`, `status`) VALUES
(24, 2, 1, 0, 0, 0, 'Dead Island', 6991, 419, 0, 'Techland', 'Deep Silver', '2011-11-08', '4.jpg', '', 'The game that re-defined the zombie genre - fully remastered.\r\nParadise meets Hell!\r\nWelcome to the zombie apocalypse experience of a lifetime – and now more beautiful than ever. Caught in the midst of an epic zombie outbreak on the tropical island of Banoi, your only thought is: Survive!\r\nThe Dead Island Experience\r\nSmash heads, crack skulls and slice ‘em up with visceral astounding melee combat and true story-based 4 player co-op in a sprawling open world just waiting for exploration.\r\nFeatures\r\nIncludes all previously released DLC!\r\nFully remastered: Experience Dead Island in crisp full HD with Improved graphics, game models and a photorealistic lighting system with physically based shading\r\nAdrenaline-Fuelled Combat: Smash heads, crack skulls and slice ‘em up with the weapon of your choice in the visceral astounding melee combat\r\nSeamless Coop Multiplayer: Collaborate with your friends, live through a story of the struggle for survival in a world gone mad\r\nDiscover the Island: Explore the island paradise; from the deserted city, secluded beaches and vast highlands – discover the story behind the zombie outbreak\r\nExperience the atmosphere: Experience the dense atmosphere - feel the destruction, the horror and madness. Immerse yourself in the turmoil that is taking place on the Island.', 2, '', 'Windows® 7 64-bit / Windows® 8 64-bit / Windows® 8', 'Intel® Core™ i5-2500 @3.3 GHz / AMD FX-8320 @3.5 G', '4', 'NVIDIA® GeForce® GTX 560 Ti / AMD Radeon™ HD 6870 ', '10', 'Windows® 7 64-bit / Windows® 8 64-bit / Windows® 8', 'Intel® Core™ i5-4670K @3.4 GHz / AMD FX-8350 @4.0 ', '8', 'NVIDIA® GeForce® GTX 780 / AMD Radeon™ R9 290 (2GB', '10', 0, 0, 0, 0, 1),
(25, 2, 3, 0, 0, 0, 'Dishonored', 5892, 550, 0, 'Arkane Studios', 'Bethesda Softworks', '2012-10-12', '', '', 'Dishonored — это насыщенный экшен от первого лица, в котором вам предстоит вжиться в роль убийцы, чьими поступками движет жажда мести. Гибкая система боя в Dishonored позволит вам комбинировать ваши сверхъестественные способности, оружие и необычные устройства так, как того захотите вы, чтобы устранить ваши цели. Преследуйте врагов под покровом тьмы или обнажите клинок и сразитесь с противником лицом к лицу. Результаты каждой миссии зависят от того, какой путь вы выберите.\r\nСюжет:\r\nМесто действия Dishonored — промышленный город Данволл, где во мраке теней тесно переплелись паровые механизмы и загадочные потусторонние силы. Вы были одним из лучших телохранителей всеми почитаемой Императрицы. Но когда ее убили, вы стали главным подозреваемым и превратились в глазах общественности в бесчестного убийцу, которого знают только по маске, ставшей вашей визитной карточкой. И теперь, в это смутное время, когда город поразила вспышка чумы, а к власти пришло продажное правительство, вооруженное промышленными технологиями, темные силы предлагают вам дар, который сделает вас могущественнее любого человека. Но какую цену придется за это заплатить? Истина, которая скрывается за вашим предательством, так же мрачна, как и воды, омывающие этот город. С этого момента ваша жизнь никогда не будет прежней.\r\nОсновные особенности:\r\nИмпровизируйте и находите новые пути\r\n\r\nСовершайте каждое убийство в вашем собственном стиле. Скрывайтесь в тенях, чтобы проскользнуть мимо врагов незамеченным, или сражайтесь с противником лицом к лицу. С помощью гибкой боевой системы вы можете творчески сочетать ваши умения, сверхъестественные способности и технологические уловки, чтобы проложить себе путь к цели и устранить её. Изобретите свой особенный стиль прохождения. \r\nЭкшен со смыслом\r\n\r\nМир Dishonored реагирует на все ваши действия. Двигайтесь бесшумно как призрак и дайте отпор коррупции или будьте безжалостны ко всем без исключения и сейте смерть и разруху на своем пути. То, как вы будете проходить каждую миссию, отразится на вас в будущем. \r\nСверхъестественные способности\r\n\r\nМгновенно перемещайтесь в пространстве, вселяйтесь в тела любых живых существ или останавливайте само время — для казней все средства хороши. Комбинируйте ваши сверхъестественные способности с разнообразным оружием и находите огромное количество способов преодолеть сложности и устранить цели. Система усовершенствований откроет для вас новые смертельно опасные умения и хитроумные устройства.\r\nГород, не похожий на другие\r\n\r\nОкунитесь в уникальный мир, придуманный Виктором Антоновым — художником, подарившем нам Half-Life 2. Arkane и Bethesda приготовили для вас город в стиле стимпанк, в котором тесно переплелись промышленность и сверхъестественное, город, чья атмосфера буквально пропитана тайнами и интригами. Мир лежит перед вами. Исследуйте его.', 1, '', 'Windows Vista / Windows 7', '3.0 GHz dual core or better', '3', 'DirectX 9 compatible with 512 MB video RAM or bett', '9', 'Windows Vista / Windows 7', '2.4 GHz quad core or better (enhanced for multi-co', '4', 'DirectX 9 compatible with 768 MB video RAM or bett', '9', 1, 1, 0, 0, 1),
(26, 1, 3, 3, 0, 0, 'Mount & Blade Warband ', 7867, 549, 0, 'TaleWorlds Entertainment', 'TaleWorlds Entertainment', '2010-03-31', '', '', 'В мире, разоренном непрерывными войнами, пришло время вам собрать собственную группу храбрых воинов и вступить в бой. Возглавляйте ваших людей в битвах, расширяйте ваше государство и заполучите главную награду: престол Кальрадии!\r\nMount & Blade: Warband — это самостоятельное дополнение для игры, которая воплотила в жизнь средневековые поля сражений с помощью реалистичных верховых битв и детализированной боевой системы.\r\nПеределанная графика: добавлены такие эффекты, как HDR, сглаживание FSAA, глубина резкости, мягкие частицы, тональная компрессия и множество других эффектов\r\nНовые модели с отличной детализацией и высококачественными текстурами\r\nМногопользовательские сражения, поддерживающие до 64 игроков. Присутствуют такие режимы, как Побоище, Стенка на стенку, Захват флага, Завоевание, Сражение и Осада\r\nКампания позволяет вам стать правителем фракции и убедить других властителей преклониться перед вами\r\nВозможность улучшить ваших товарищей до вассалов, предоставив им земли\r\nВозможность жениться на правительнице другого государства ради романтики либо холодной политической выгоды. Попытайтесь завоевать сердце дамы храбростью или поэзией\r\nУлучшенная механика боевого духа солдат: солдаты бросят оружие и сбегут, если их дух будет слишком низким\r\nВозможность подобрать любые снаряды с поля боя и использовать их как дополнительные боеприпасы\r\nНовая анимация боя, сделанная при помощи захвата движения (motion capture)\r\nМногочисленные усовершенствования боевой системы: ваш щит всё равно защитит вас от стрел, даже если он не активирован\r\nВозможность играть многопользовательские матчи на случайно смоделированных и самодельных картах\r\nМногопользовательская система экипировки: зарабатывайте деньги, участвуя в боях или выполняя задания\r\nВозможность использования метательного оружия в ближнем бою: переключитесь с режима метательного на режим короткого копья, когда враг подойдет слишком близко\r\nРасходуйте золото на более мощное снаряжение с помощью тщательно сбалансированной системы, которая сделает битвы ещё более захватывающими, не давая слишком большого преимущества лидирующей команде', 1, '', 'Windows® XP', 'Intel Pentium 4 с тактовой частотой 2 ГГц или AMD ', '1', 'с 64 МБ видеопамяти', '0', 'Windows XP или лучше', 'Intel Core Duo с тактовой частотой 2 ГГц или AMD A', '1', 'NVIDIA GeForce FX 5200, ATI Radeon 9600 или лучше', '0', 0, 1, 0, 0, 1),
(27, 4, 1, 4, 0, 0, 'Civilization 5', 6753, 749, 1399, ' Firaxis Games,', '2K', '2010-09-23', '', '', 'The Flagship Turn-Based Strategy Game Returns\r\n\r\nBecome Ruler of the World by establishing and leading a civilization from the dawn of man into the space age: Wage war, conduct diplomacy, discover new technologies, go head-to-head with some of history’s greatest leaders and build the most powerful empire the world has ever known.\r\n\r\nINVITING PRESENTATION: Jump right in and play at your own pace with an intuitive interface that eases new players into the game. Veterans will appreciate the depth, detail and control that are highlights of the series.\r\nBELIEVABLE WORLD: Ultra realistic graphics showcase lush landscapes for you to explore, battle over and claim as your own. \r\nCOMMUNITY & MULTIPLAYER: Compete with players all over the world or locally in LAN matches, mod* the game in unprecedented ways, and install mods directly from an in-game community hub without ever leaving the game. \r\nWIDE SYSTEM COMPATIBILITY: Civilization V operates on many different systems, from high end desktops to many laptops. \r\nALL NEW FEATURES: A new hex-based gameplay grid opens up exciting new combat and build strategies. City States become a new resource in your diplomatic battleground. An improved diplomacy system allows you to negotiate with fully interactive leaders.', 2, '', 'Windows® XP SP3/ Windows® Vista SP2/ Windows® 7 ', 'Intel Core 2 Duo 1.8 ГГц или AMD Athlon X2 64 2.0 ', '2', 'ATI HD2600 XT с 256 МБ видеопамяти или лучше, nVid', '8', 'Windows® Vista SP2/ Windows® 7 ', 'четырехъядерный, с тактовой частотой 1.8 ГГц ', '4', 'из серии ATI 4800 с 512 MB видеопамяти или лучше, ', '8', 0, 1, 1, 0, 1),
(28, 2, 2, 0, 0, 0, 'World of Tanks', 7906, 0, 0, 'Wargaming', 'Wargaming', '2010-08-12', '', '', 'Клиентская массовая многопользовательская онлайн-игра в реальном времени в жанре аркадного танкового симулятора в историческом сеттинге Второй мировой войны, разработанная белорусской студией Wargaming.net. Разработчиками игра позиционируется как массовая многопользовательская онлайн-игра в жанре action с элементами ролевой игры, шутера и стратегии. Концепция World of Tanks базируется на командных танковых сражениях в режиме PvP. Игра вышла 12 августа 2010 года и имела только русскоязычную версию. Выпуск локализованной игры World of Tanks в Европе и в Северной Америке состоялся 12 апреля 2011 года.\r\n\r\nИгра использует бизнес-модель free-to-play. Изначально декларировалось только бесплатное скачивание клиента и бесплатный вход в игру, но в июне 2013 года объявлено, что стратегией для всех действующих и будущих игр является «free-to-win» — полное отсутствие каких-либо преимуществ в бою для платящих игроков.', 3, '', 'Windows 7/8/10', 'c двумя и более физическими ядрами, поддерживающий', '2', 'NVIDIA GeForce 8600, ATI Radeon HD 4550.', '36', 'Windows 7/8/10', 'Intel Core i5 (Desktop)', '4', 'GeForce GTX660 (2 ГБ) / Radeon HD 7850 (2 ГБ)', '36', 0, 0, 0, 0, 1),
(29, 2, 2, 0, 0, 0, 'Warface', 8532, 0, 0, 'Blackwood Games', 'Mail.Ru Group', '2012-04-12', '', '', 'Компьютерная игра в жанре массового многопользовательского онлайн-шутера от первого лица (MMOFPS). Игра разработана тремя студиями компании Crytek: украинским филиалом Crytek Kiev, южнокорейским филиалом Crytek Seoul и основной студией Crytek Frankfurt, с 2019 года за неё отвечает студия Blackwood Games. Проект использует игровой движок CryEngine 3.5 и выпущен для персональных компьютеров.\r\n\r\nНесмотря на то, что Warface был нацелен на азиатский рынок, включая Корею и КНР, в 2012 году игра была выпущена в России, Европе и Северной Америке. Warface использует бизнес-модель Free-to-play и микротранзакции. Изданием и локализацией в СНГ занимается Mail.Ru Group, а в Европе, США и КНР — My.com.\r\n\r\nWarface представляет собой военный шутер, действие которого разворачивается в 2023 году. Игра предлагает как классические полноценные PvP-сражения с разделением на классы персонажей, так и кооперативные миссии в концепции PvE.', 3, '', 'Windows 7/8/10', 'Двухъядерный процессор Intel / AMD от 2.0 ГГц', '1', 'nVidia GeForce GT 8600 256MB / ATI(AMD)Radeon X195', '0', 'Windows 7/8/10', 'Intel Core2 Duo™ E6-series / Athlon 64 X2 6400+', '2', 'Nvidia GeForce 9600 или AMD Radeon HD 4830', '0', 0, 0, 0, 0, 1),
(30, 2, 2, 10, 0, 0, 'Counter-Strike: Global Offensive', 1963, 0, 0, 'Valve', 'Valve', '2012-08-21', '', '', 'Counter-Strike: Global Offensive (CS: GO) возрождает ураганную командную игру, впервые представленную еще 19 лет назад.\r\n\r\nCS: GO включает в себя новые карты, персонажей, оружие, игровые режимы, а также улучшенную версию классической составляющей CS (de_dust и т.п.). \r\n\r\n«Counter-Strike была сюрпризом для игровой индустрии, когда не особо удачный мод стал одним из самых популярных шутеров в мире сразу же после его релиза в Августе 1999 года, — говорит Даг Ломбарди из Valve, — за прошедшие 12 лет, она все еще одна из самых популярных в мире игр, часто появляется на игровых соревнованиях и продана в количестве более 25 миллионов копий по всему миру. CS: GO обещает возродить знаменитый игровой процесс Counter-Strike и предложить его игрокам не только на ПК, но и на консолях следующего поколения и компьютерах Mac».', 3, '', 'Windows® 7/Vista/XP', 'Intel® Core™ 2 Duo E6600 or AMD Phenom™ X3 8750 pr', '2', 'Video card must be 256 MB or more and should be a ', '15', 'Windows® 7/Vista/XP', 'Intel® Core™ 2 Duo E6600 or AMD Phenom™ X3 8750 pr', '2', 'Video card must be 256 MB or more and should be a ', '15', 0, 1, 0, 0, 1),
(31, 2, 1, 0, 0, 0, 'Unturned', 6327, 0, 0, 'Smartly Dressed Games', 'Smartly Dressed Games', '2017-07-07', '', '', 'ОСТАВАЙТЕСЬ В ЖИВЫХ\r\nВы среди немногих, кто еще не превратился в зомби. Но надолго ли?\r\n\r\nПалите из всех стволов, чтобы вас заметили и живые, и мертвые.\r\nИли дейтвуйте осторожно, прячьтесь и отвлекайте от себя внимание.\r\nУчитесь противостоять особым способностям: от невидимости до огненного дыхания и ударов молниями.\r\n\r\nБОРИТЕСЬ С ОКРУЖАЮЩИМ МИРОМ\r\nДикая природа — жестокая штука, даже если в ней нет зомби.\r\n\r\nСобирайте дикие фрукты и овощи.\r\nДобывайте шкуры и мясо животных, или сами станете их добычей.\r\nНа рыболовном крючке можно поймать еду или бесполезный хлам.\r\nСейте семена так, чтобы их поливал дождь.\r\nИщите, где тепло, и укрывайтесь от снежных бурь.\r\n\r\nНАУЧИТЕСЬ ИМЕТЬ ДЕЛО С ДРУГИМИ ИГРОКАМИ\r\nДруг или враг — в сети много интересных личностей.\r\n\r\nАрестовывайте бандитов, надевая на них наручники и завязывая им глаза, если не хотите никого убивать.\r\nСражайтесь любым оружием, какое только сможете найти. Используйте мечи, пулемёты, винтовки, ракеты, мины — тут есть всё что угодно. \r\nНападайте на вражеские лагеря с детонаторами и взрывчаткой. Завладейте их добычей.\r\nХотите сражаться с живыми противниками? Выберите режим арены, где ваша задача – остаться единственным выжившим. Хотите мирно сосуществовать? Выберите игру против искусственного интеллекта.\r\nРолевые серверы поощряют всех оставаться в роли и вести повествование сообща.\r\n\r\nПОМОГАЙТЕ НОВОМУ ОБЩЕСТВУ\r\nДаже если вы не в сети или играете в одиночку, вам всегда есть, чем заняться.\r\n\r\nЗнакомьтесь, разговаривайте и обменивайтесь с неигровыми персонажами.\r\nВыполняйте задания неигровых персонажей и продвигайтесь по сюжету.\r\nОтбивайтесь от орд живых мертвецов.\r\nЗабирайте себе припасы и снаряжение, сброшенные с воздуха.\r\nЗапаситесь противогазами и отправьтесь в радиоактивные мёртвые зоны.\r\n\r\nЗАЩИТИТЕ СВОЮ КРЕПОСТЬ\r\nВ ней можно просто отдыхать или, скажем, руководить своей шайкой. Главное — удержаться на плаву (иногда буквально)!\r\n\r\nСтройте баррикады, мебель, ловушки, механизмы и многое другое.\r\nЗаколачивайте окна уже построенных домов, чтобы пережить ночь.\r\nСоздавайте новые сооружения из того, что сами насобирали.\r\nПревратите свою машину в передвижную крепость, построив что-нибудь прямо на ней.\r\n\r\nПУТЕШЕСТВУЙТЕ ПО СУШЕ, ВОЗДУХУ И МОРЮ\r\nВыезжайте как на парад. На ваш выбор огромный гараж.\r\n\r\nСухопутный транспорт — в том числе танки, квадроциклы и снегоходы.\r\nВоздушный транспорт от вертолетов до гидросамолетов и истребителей.\r\nМорской транспорт: водные мотоциклы, судна на воздушной подушке и другие.\r\nЧтобы держать транспорт в исправности, понадобятся шины, батарейки и топливо.\r\n\r\nИССЛЕДУЙТЕ ОГРОМНЫЕ МИРЫ\r\nНа пяти официальных картах и одной карте от сообщества в режиме Sandbox вы сможете исследовать широкое разнообразие географических зон:\r\n\r\nОстров Принца Эдуарда\r\nЮкон\r\nШтат Вашингтон\r\nРоссия\r\nГавайи\r\nГермания\r\n\r\nМОДИФИЦИРУЙТЕ ВСЁ\r\nС самого начала игра Unturned была задумана для создания модификаций.\r\n\r\nПользуйтесь работами игроков из Мастерской, начиная с оружия и транспорта и заканчивая огромными уровнями, а также загружайте туда свой собственный контент.\r\nСоздавайте карты, используя внутриигровой редактор уровней. Все официальные карты были созданы с помощью тех же бесплатных общедоступных инструментов и ресурсов, что доступны вам.\r\nСоздавайте плагины, используя встроенные или мощные сторонние системы.\r\nНаберите наибольшее количество голосов за одежду и скины в Мастерской, и тогда они попадут в наш магазин.\r\nОбъединитесь с другими создателями модификаций и создайте своё собственное обновление, которое могут официально принять.\r\n\r\nКЛЁВЫЕ ШТУКИ\r\nПо-моему, это отличные функции, но они не вписываются в предыдущие категории. Хочется добавить гораздо больше, но будем краткими:\r\n\r\nПочти все объекты можно уничтожить, чтобы проложить новые пути.\r\nДля полного погружения в игру вместо внешних программ голосового чата вы можете переговариваться со своим отрядом по рации на выбранной частоте.', 2, '', 'Windows 7 32-bit', '2 GHz', '4', '--', '4', 'Windows 7 64-bit', '3 GHz', '8', '--', '6', 0, 0, 0, 0, 1),
(32, 7, 3, 0, 0, 1, 'Life is Strange', 3481, 550, 0, 'Deck Nine', 'Square Enix', '2019-01-30', '', '', 'Life is Strange – эпизодическое приключение, события которого развиваются в вымышленном городе Аркадия Бэй, что в Орегоне. История о дружбе, которая могла быстро закончиться если бы не внезапно открытый талант Мэкс. Она нашла в себе дар - возможность перематывать время. Но еще неясно, как это точно работает и к чему может привести. Все начнется со спасения подружки главной героини - Хлои, получившей пулю в живот, но она об этом вряд ли узнает. Будучи свидетелем ее смерти, вы пытаетесь препятствовать происходящему, что приводит к перемотке времени назад. Теперь вы вправе изменять ход событий, влиять на прошлое, будущее, настоящее и предотвращением смерти старого друга это не закончится. Вскоре пара раскроет шокирующую правду о пропаже их однокурсницы. Тем временем Мэкс обязана осознать полученные возможности, свою власть над временем и научиться ее применять без вреда для других.', 1, 'Эта игра из серии игр: <a href=\"/series/1\">Life is Strange</a>', 'Windows Vista / 7 / 8 / 8.1', 'Dual Core @ 2 ГГц', '2', 'ATI или NVidia с 512 MB RAM ', '12', 'Windows Vista / 7 / 8 / 8.1', 'Dual Core @ 2 ГГц', '2', 'ATI или NVidia с 512 MB RAM ', '12', 0, 1, 0, 0, 1),
(33, 7, 3, 0, 0, 1, 'Life is Strange: Before the Storm', 4722, 650, 0, 'Deck Nine', 'Square Enix', '2017-12-30', '', '', 'Вам уготована роль необычной мятежницы в мрачном приквеле к популярной игре Life is Strange, выпущенной студией Dontnod в 2016 году. Before the Storm, новая глава, действие которой происходит за три года до драматических событий оригинальной игры, вновь перенесет вас в вымышленный город Аркадия-Бэй, где 16-летняя Хлоя Прайс неожиданно для себя находит подругу в лице симпатичной и популярной местной девушки Рэйчел Эмбер. После того, как странная череда событий сводит девушек друг с другом, вы будете выбирать, как повести себя в различных ситуациях, влияя на игровой процесс своими решениями и разбираясь с последствиями своих действий.', 1, 'Эта игра из серии игр <a href=\"/series/1\">Life is Strange</a>', 'Windows Vista / 7 / 8 / 8.1', ' Intel Core i3-2100 (3.1GHz) or AMD Phenom X4 945 ', '3', 'AMD Radeon R7 250 or NVIDIA Geforce GTX 650', '21', 'Windows Vista / 7 / 8 / 8.1', ' Intel Core i3-2100 (3.1GHz) or AMD Phenom X4 945 ', '3', 'AMD Radeon R7 250 or NVIDIA Geforce GTX 650', '21', 0, 1, 0, 0, 1),
(34, 1, 3, 0, 0, 0, 'Mount and Blade 2 Bannerlord', 9402, 700, 0, 'TaleWorlds Entertainment', 'TaleWorlds Entertainment', '2019-03-31', '', '', 'The horns sound, the ravens gather. An empire is torn by civil war. Beyond its borders, new kingdoms rise. Gird on your sword, don your armour, summon your followers and ride forth to win glory on the battlefields of Calradia. Establish your hegemony and create a new world out of the ashes of the old.\r\n\r\nMount & Blade II: Bannerlord is the eagerly awaited sequel to the acclaimed medieval combat simulator and role-playing game Mount & Blade: Warband. Set 200 years before, it expands both the detailed fighting system and the world of Calradia. Bombard mountain fastnesses with siege engines, establish secret criminal empires in the back alleys of cities, or charge into the thick of chaotic battles in your quest for power.\r\n\r\nSIEGE GAMEPLAY\r\nConstruct, position and fire a range of heavy machinery in sieges that will test your wits and skill like never before. Experience epic, sprawling combat across ramparts and rubble as you desperately hold on to your castle or seek to seize one from the enemy.\r\n\r\nHistorically authentic defensive structures offer the ultimate medieval warfare experience, as you batter a rival\'s gate with your ram or burn his siege tower to ashes. Mount & Blade II: Bannerlord lets you live every moment of a chaotic battle through the eyes of a single soldier.\r\n\r\nDIPLOMACY\r\nEngage in diplomacy, with meaningful consequences that impact the world. Strike historic peace deals that win land for your kingdom or free you to take on a new foe. An all-new barter system gives players flexibility in cementing deals, from marriage offers to treason pacts, offering all the options available to NPCs. Use a new influence system to direct your faction\'s energies or strangle the aspirations of a rival.\r\n\r\nSANDBOX ECONOMY\r\nSee the availability of goods ebb and flow in a simulated feudal economy, where the price of everything from incense to warhorses fluctuates with supply and demand. Invest in farms and workshops, or turn anarchy to your advantage by being the first to bring grain to a starving town after a siege or reopening a bandit-plagued caravan route.\r\n\r\nCRAFTING\r\nCraft your own weapon, name it and carry it with you to the field of battle! A deep, physics-based system gives each weapon you create a unique set of attributes, strengths and weaknesses. Forge a finely-tuned killing machine to match your own prowess and complement your play-style, or take the sword of your enemy and brandish it as a trophy of war.\r\n\r\nMODDING\r\nThe engine and tools used to develop Mount & Blade II: Bannerlord are being made available to the community, so that modders can re-interpret Calradia or create their own worlds! Players can now combine different mods, making it easier than ever to play the game of your dreams.\r\n\r\nENGINE\r\nAn all-new tailor-made game engine, developed in-house to fulfill the unique needs of the series, offers the perfect balance of performance and graphical fidelity, scalable with the power of your hardware.\r\n\r\nExperience Mount & Blade with richer, more beautiful graphics than ever, immersing you in the world of Calradia, rendering the game\'s magnificent battles with equally spectacular detail.', 1, '', 'Windows 7/8/10', 'Intel i3-2100 / AMD FX-6300', '4', 'Intel HD 4600 / Nvidia GT730 / AMD R7 240', '40', 'Windows 7/8/10', 'Intel i3-2100 / AMD FX-6300', '4', 'Intel HD 4600 / Nvidia GT730 / AMD R7 240', '40', 0, 0, 0, 1, 1),
(36, 4, 1, 4, 0, 0, 'Total War: ROME II - Emperor Edition', 8731, 1699, 1999, 'CREATIVE ASSEMBLY', 'SEGA', '2013-09-02', '', '', 'Сведения об издании Total War: ROME II - «Обновленное издание»\r\n\r\n«Обновленное издание» - это наиболее полное издание игры ROME II с улучшенной системой политики, переработанными цепочками построек, исправленным балансом в битвах и улучшенной графикой в кампании и боях. \r\n\r\nКроме того, издание «Обновленное издание» содержит все обновления функций и дополнительные материалы, выпущенные для ROME II с момента выхода игры в сентябре 2013 г. Среди этих обновлений - интеграция с Twitch.tv, управление касанием, новые фракции и войска, а также совместимость с Mac.\r\n\r\nНовое дополнение с кампанией \"Император Август\" и все материалы издания «Обновленное издание» будут доступны владельцам игры ROME II бесплатно в рамках автоматического обновления.\r\n\r\nСведения о новом дополнении с кампанией \"Император Август\"\r\n\r\nНовое дополнение с кампанией \"Император Август\" содержит кампанию для ROME II, которая превосходит основную кампанию ROME II и охватом, и масштабом. Эта кампания входит в издание Total War™: ROME II – «Обновленное издание» и владельцы игры Total War™: ROME II получат ее в рамках автоматического бесплатного обновления.\r\n\r\nДействие кампании \"Император Август\" начинается в 42 году до н. э., когда после жестокого убийства Цезаря в Риме разразился хаос. Снаружи Республика оставалось единой, но изнутри ее раздирали противоречия. Будущее Рима держали в своих руках три великих человека - Второй Триумвират. \r\n\r\nОктавиан, приемный сын и наследник Цезаря.\r\n\r\nМарк Антоний, верный друг Цезаря и его доверенный военачальник.\r\n\r\nЛепид, великий понтифик Рима и человек, благодаря которому Цезарь стал диктатором.\r\n\r\nТерритория Республики была разделена между ними, и к их услугам была вся военная мощь Рима. Каждый из членов Триумвирата был готов начать борьбу за власть, чтобы стать единоличным императором Рима. \r\n\r\nОднако в игру вступают и сторонние силы, которые замыслили воспользоваться нестабильностью в Риме, чтобы захватить новые земли. Станете ли вы защитником Рима, который одержит победу над другими членами Триумвирата? Или поведете в завоевательный поход другую фракцию, ухватившись за возможность, которую дает хаос гражданской войны?\r\n\r\nФракции для игры\r\nВ новой кампании игроки могут сыграть за любую из следующих фракций:\r\nМарк Антоний\r\nЛепид\r\nОктавиан\r\nПомпей\r\nИцены\r\nМаркоманы\r\nДакия\r\nЕгипет\r\nПарфия\r\nАрмения (также ставшая доступной для игры в основной кампании ROME II).\r\n\r\nНа что вы готовы ради Рима?\r\n\r\nПокоривший сердца игроков со всего мира сериал Total War возвращается в Рим и задает новый стандарт качества для стратегических игр. Встаньте во главе первой в мире сверхдержавы и возьмите под свое командование самую мощную военную машину древнего мира. Для победы над врагами вам доступны любые средства – боевые, экономические и политические. Но помните, ваш триумф может вызвать не только уважение, но и зависть даже самых близких союзников.\r\n\r\nСтанете ли вы жертвой предательства или сами первыми начнете плести заговоры против старых друзей? Будете ли вы бороться за сохранение республики или захотите единолично править империей?\r\n\r\n✢ Тщательно планируйте покорение мира в обширном режиме кампании с полной свободой действий (также предлагается режим для двух игроков – для совместного прохождения и для игры друг против друга). Заговоры, политика, интриги, восстания, верность, преданность, честь, амбиции, предательство… Принимайте решения и пишите свою историю.\r\n\r\n✢ Создавайте огромные армии и устраивайте масштабные сражения в реальном времени. Испытайте свой тактический гений, управляя десятками тысяч солдат в грандиозных морских и сухопутных сражениях.\r\n\r\n✢ Отстаивайте величие Рима, управляя одной из трех семей, или выступите в качестве лидера любой из множества враждующих цивилизаций – каждая сторона предлагает свой особый стиль игры с сотнями уникальных боевых единиц: от осадных орудий и тяжелой кавалерии до легионеров в стальных доспехах и безжалостных берсерков варварских племен.\r\n\r\n✢ Перед вами предстанут древние города и огромные армии, воссозданные с невероятным вниманием к деталям – от красоты и масштаба сражений просто захватывает дух. Особые ракурсы демонстрируют, как солдаты на поле боя празднуют победу или стонут от боли, а новый тактический режим камеры позволяет взглянуть на сражение с высоты птичьего полета и принять обдуманное и стратегически выгодное решение. \r\n\r\n✢ Игра позволяет настроить уровень графики под производительность любой системы.', 2, '', 'XP/ Vista / Windows 7 / Windows 8', '2 GHz Intel Dual Core processor / 2.6 GHz Intel Si', '2', '512 MB DirectX 9.0c compatible card (shader model ', '35', 'Windows 7 / Windows 8', '2nd Generation Intel Core i5 processor (or greater', '4', '1024 MB DirectX 11 compatible graphics card. ', '35', 0, 0, 1, 0, 1),
(37, 4, 1, 4, 0, 0, 'Total War: ATTILA', 8973, 1529, 0, 'CREATIVE ASSEMBLY', ' SEGA', '2015-02-17', '', '', 'На фоне голода, войны и эпидемий в восточных степях растет новая сила. Выходит новый вождь, и за спиной у него - миллион всадников, а взгляд его устремлен на Рим.\r\n\r\nTotal War: ATTILA - новая часть прославленной стратегической серии игр, сочетающей сражения в реальном времени и пошаговые бои, переносит игрока в 395 год. Темное время начинается с катастрофы.\r\n\r\nКак вы будете выживать? Уничтожите нападавших и создадите собственное Восточное царство? Или сплотите оставшиеся силы Римской Империи и примите испытание, показав все, на что вы способны в стратегии выживания.\r\n\r\nБич Божий наступает. Ваш мир охватит пламя.\r\n\r\nМеханика катастрофических разрушений\r\nУправляйте яростной стихией огня - поджигайте строения и наводите ужас на оборону противника, или стирайте с игровой карты целые поселения с помощью новой игровой механики.\r\n\r\nЛегендарные стартовые позиции\r\nПри игре за Западную Римскую империю вы получаете в распоряжение территорию обширную, но ослабленную внутренними политическими противоречиями и окруженную врагами. Ваше правление вскоре превратится в схватку за жизнь.\r\n\r\nОбновленная игровая механика\r\nЗа счет оптимизации игровой механики, в частности, политики, дерева семейств, гражданского управления и технологического прогресса, игровой процесс и пользовательский интерфейс были улучшены.\r\n\r\nНевероятная детализация эпохи\r\nДосконально воспроизводя характерные для эпохи технологии, вооружение, религиозные, культурные и социальные смуты, Total War: ATTILA достоверно передает события этой темной главы в истории человечества.\r\n\r\nПотрясающая визуальная четкость\r\nУлучшенные и оптимизированные визуальные эффекты боя и кампании усиливают ощущение нависшей катастрофы, грозящей уничтожить весь цивилизованный мир. Оцените захватывающий дух масштаб, атмосферу эпохи и улучшенную графику и станьте свидетелем конца цивилизации и рождения новой легенды.', 2, '', 'Windows Vista', 'Intel Core 2 Duo 3 GHz', '3', '512 MB NVIDIA GeForce 8800 GT, AMD Radeon HD 2900 ', '35', 'Windows 7', '2nd Generation Intel Core i5', '4', '2 GB NVIDIA GeForce GTX 560 Ti or AMD Radeon HD 58', '35', 0, 0, 0, 0, 1),
(38, 7, 3, 0, 0, 0, 'Doki Doki Literature Club!', 3507, 0, 0, 'Team Salvato', 'Team Salvato', '2017-09-22', '', '', 'Hi, Monika here!\r\nWelcome to the Literature Club! It\'s always been a dream of mine to make something special out of the things I love. Now that you\'re a club member, you can help me make that dream come true in this cute game!\r\n\r\nEvery day is full of chit-chat and fun activities with all of my adorable and unique club members:\r\n\r\nSayori, the youthful bundle of sunshine who values happiness the most;\r\nNatsuki, the deceivingly cute girl who packs an assertive punch;\r\nYuri, the timid and mysterious one who finds comfort in the world of books;\r\n...And, of course, Monika, the leader of the club! That\'s me!\r\n\r\nI\'m super excited for you to make friends with everyone and help the Literature Club become a more intimate place for all my members. But I can tell already that you\'re a sweetheart—will you promise to spend the most time with me? ♥\r\n\r\nThis game is not suitable for children\r\nor those who are easily disturbed.', 1, '', 'Windows 7', '1.8GHz Dual-Core CPU', '4', 'Integrated graphics', '1', 'Windows 7', '1.8GHz Dual-Core CPU', '4', 'Integrated graphics', '1', 0, 1, 0, 0, 1),
(39, 2, 1, 0, 0, 0, 'PAYDAY 2', 6585, 259, 0, 'OVERKILL - a Starbreeze Studio', 'Starbreeze Publishing AB', '2013-08-13', '', '', 'PAYDAY 2: VR is now available!\r\nTo activate VR mode please download this free DLC: PAYDAY 2: VR\r\n\r\nPAYDAY 2 is an action-packed, four-player co-op shooter that once again lets gamers don the masks of the original PAYDAY crew - Dallas, Hoxton, Wolf and Chains - as they descend on Washington DC for an epic crime spree. \r\n\r\nThe new CRIMENET network offers a huge range of dynamic contracts, and players are free to choose anything from small-time convenience store hits or kidnappings, to big league cyber-crime or emptying out major bank vaults for that epic PAYDAY. While in DC, why not participate in the local community, and run a few political errands?\r\n\r\nUp to four friends co-operate on the hits, and as the crew progresses the jobs become bigger, better and more rewarding. Along with earning more money and becoming a legendary criminal comes a new character customization and crafting system that lets crews build and customize their own guns and gear.\r\nKey Features\r\nRob Banks, Get Paid – Players must choose their crew carefully, because when the job goes down they will need the right mix of skills on their side.\r\nCRIMENET – The dynamic contract database lets gamers pick and choose from available jobs by connecting with local contacts such as Vlad the Ukrainian, shady politician \"The Elephant\", and South American drug trafficker Hector, all with their own agenda and best interests in mind.\r\nPAYDAY Gun Play and Mechanics on a New Level – Firing weapons and zip tying civilians never felt so good.\r\nDynamic Scenarios – No heist ever plays out the same way twice. Every single scenario has random geometry or even rare events.\r\nChoose Your Skills – As players progress they can invest in any of five special Skill Trees: Mastermind, Enforcer, Ghost, Technician and Fugitive. Each features a deep customization tree of associated skills and equipment to master, and they can be mixed and matched to create the ultimate heister.\r\nMore Masks than Ever – PAYDAY 2 features a completely new mask system, giving players the ability to craft their own unique mask together with a pattern and a color combination, resulting in millions of different combinations. \r\nWeapons and Modifications – A brand new arsenal for the serious heister, covering everything from sniper and assault rifles to compact PDWs and SMGs. Once you\'ve settled for a favorite, you can modify it with optics, suppressors, fore grips, reticles, barrels, frames, stocks and more, all of which will affect the performance of your weapon. There are also purely aesthetic enhancements - why not go for the drug lord look with polished walnut grips for your nine?\r\nPlay It Your Way – Each job allows for multiple approaches, such as slow and stealthy ambushes, to running in guns blazing. Hit the target any way you want, and watch as the heist unfolds accordingly.\r\nNew Game Content All the Time – More than 70 updates since release and still going strong with new heists, characters, weapons and other gameplay features like driving cars and forklifts. Every month offers new free content and paid DLC as PAYDAY 2 continues to be developed by the OVERKILL crew until at least 2017.', 2, '', 'Windows 7', '2 GHz Intel Dual Core Processor', '4', 'Nvidia & AMD (512MB VRAM)', '31', 'Windows 10', '2.3 GHz Intel Dual Core Processor', '8', 'Nvidia & AMD (1GB VRAM)', '45', 0, 0, 0, 0, 1),
(40, 2, 3, 0, 0, 0, 'Dishonored 2', 6853, 1149, 0, 'Arkane Studios', 'Bethesda Softworks', '2016-11-11', '', '', 'В игре Dishonored 2, вы снова окажетесь в роли ассасина со сверхъестественными способностями. \r\nСайт IGN назвал эту игру «удивительной» и «идеальным продолжением», Eurogamer признал ее «шедевром», а Game Informer считает, что «эта история о мести – одна из лучших в своем жанре и проходить мимо нее ни в коем случае нельзя»; Dishonored 2 – это продолжение знаменитого боевика Dishonored от Arkane Studios, завоевавшего более сотни наград «Игра года». \r\n\r\nОкунитесь в удивительный мир, в котором мистика и технологии живут рука об руку. Решите, за кого играть: за императрицу Эмили Колдуин или за защитника короны, Корво Аттано. Выберите свой стиль: пройдите игру, не попавшись никому на глаза, воспользовавшись всем арсеналом убийственных приемов или соединив оба подхода так, как вам нравится. Найдите уникальное сочетание способностей, оружия и снаряжения, позволяющее с легкостью уничтожать врагов. Игра реагирует на каждое ваше решение: в зависимости от ваших действий у каждого задания может быть разный исход.\r\nСюжет\r\nДействие игры Dishonored 2 разворачивается спустя пятнадцать лет после победы над лордом-регентом и избавления от ужасной крысиной чумы. Необычный враг отнял трон у императрицы Эмили Колдуин, и мрачная тень злого рока нависла над Островами. Играя за Эмили или Корво, вы окажетесь на легендарных улицах Дануолла и в Карнаке - некогда прекрасном портовом городе, который сыграет в этой истории ключевую роль. Метка Чужого и ваши новые способности помогут выследить ваших врагов и вернуть то, что принадлежит вам по праву.\r\nКлючевые Особенности\r\nУбийцы\r\nЭмили Колдуин и Корво Аттано полностью озвучены - они реагируют на происходящее и дают свою оценку событиям в игре. Используйте сверхъестественные силы, технические устройства и уникальное оружие, которые подходят именно вашему стилю игры: вы можете прорываться через город с боем, уничтожая каждого, кто встанет у вас на пути, или же бесшумно передвигаться по крышам. И помните: вы всегда можете пощадить любого врага. \r\nСверхъестественные Силы\r\nГлубокая система создания костяных амулетов и совершенно новые улучшения позволят настраивать ваши силы и способности так, как вам хочется. Станьте живой тенью и бесшумно преследуйте свою цель. Объедините своих врагов, чтобы они разделили общую судьбу, или погрузите их в транс и завладейте их разумом. Комбинируйте разные способности с различными видами оружия, решайте, где лучше вступить в бой, а где избежать открытого столкновения: число вариантов практически безгранично, выбор только за вами.\r\nЯркий Игровой Мир\r\nМрачные улицы Дануолла, кишащие крысами, цветущее побережье Карнаки... Лучшие авторы Arcane Studios создали по-настоящему незабываемые локации. Мир игры можно считать одним из ее полноценных героев: у него есть своя история, свой неповторимый вид, в нем множество невероятных, ярких персонажей. Но самое главное в нем - места, где разворачивается основное действие: к примеру, вам придется побывать в разрушенном бурями Пыльном квартале и в особняке безумца - в доме с движущимися стенами, смертельными ловушками и часовыми машинами-солдатами. \r\nДвижок Void\r\nКрасоты мира Dishonored 2 оживают благодаря технологии Void Engine, созданной на основе графического движка id Tech, переработанного программистами Arkane Studios. Void Engine соответствует высочайшим требованиям современной индустрии электронных развлечений и полностью использует всю мощь графических технологий текущего поколения, что позволило усовершенствовать абсолютно все игровые системы: поведение искусственного интеллекта, обработку света и тени, проработку и заполнение локаций, а также способы подачи сюжета.', 1, '', 'Windows 7/8/10 (64-битные)', 'Intel Core i5-2400/AMD FX-8320 или лучше', '8', 'NVIDIA GTX 660 2 ГБ/AMD Radeon HD 7970 3 ГБ или лу', '60', 'Windows 7/8/10 (64-битные)', 'Intel Core i7-4770/AMD FX-8350 или лучше', '16', 'NVIDIA GTX 1060 6 ГБ/AMD Radeon RX 480 8 ГБ или лу', '60', 1, 0, 0, 0, 1),
(41, 4, 1, 0, 0, 0, 'Divinity: Fallen Heroes', 8323, 1500, 0, ' Larian Studios', ' Larian Studios', '2019-01-01', '', '', 'Divinity: Fallen Heroes - это спин-офф серии Divinity, который продолжает историю, начатую в Divinity: Original Sin 2. Игроков ждет встреча со старыми знакомыми героями и с несколькими новичками, а также возможность лично встать у руля корабля \"Госпожа Месть\", чтобы отправиться на поиски новых приключений. История крутится вокруг нового командира Божественного ордена, который ведет охоту за полудемоницей Мэлади, которая украла у Ордена некое \"оружие судного дня\". \r\n\r\nВ Fallen Heroes игроков ожидает более 60 миссий, смесь пошаговой ролевой игры и тактической стратегии, а также новое слово в серии - огнестрельное оружие. Никуда не делись и известные по Original Sin комбинации элементов, позволяющие превратить любое поле боя в адское место, выжженное огнем и молниями.', 2, '', '--', '--', '--', '--', '--', '--', '--', '--', '--', '--', 0, 0, 0, 1, 1),
(42, 1, 3, 3, 0, 0, 'Divine Divinity', 4632, 149, 0, 'Larian Studios', 'Larian Studios', '2002-09-20', '', '', 'DivineDivinity — это настоящая классика ролевого жанра, сочетающая боевую механику hack-and-slash и широчайший простор для любителей путешествовать по фэнтезийным мирам. Игра вошла в список 100 лучших компьютерных игр всех времён по версии журнала PC Gamer (2012)\r\n\r\nСотни лет Ривеллон был образцовым королевством. Но в год Волка из глубин времён вернулось древнее зло. Вернулось, чтобы собрать долги с потомков героев, некогда заточивших его в могущественном Клинке лжи. Жители Ривеллона ещё не знают, какая угроза нависла над ними. Война с орками, неурожай, чума — всё это они воспринимают как стечение обстоятельств. Однако случайных совпадений не бывает. Юному герою предстоит узнать, кто или что стоит за этими событиями… Сможет ли он сохранить разум и жизнь, узнав правду?\r\n\r\nЭто специальное переиздание игры совместимо с Windows 7 и включает поддержку высоких разрешений экрана.\r\n\r\nКЛЮЧЕВЫЕ ОСОБЕННОСТИ:\r\nРолевая игра эпических пропорций\r\nОгромный мир, множество нелинейных квестов и более 100 часов игрового процесса — всё, что нужно для незабываемого ролевого приключения.\r\nБезклассовая система развития героя\r\nВы сами определяете, то каким будет ваш персонаж! Начните игру за воина, мага или вора, а затем выбирайте любые из 96 доступных умений героя независимо от изначального класса.\r\nИнтеллектуальные поединки\r\nВступите в бой с многочисленными разновидностями врагов и выйдите победителем из жестоких и динамичных схваток. Воспользуйтесь режимом «умной паузы», чтобы остановить бой в самом его разгаре и на ходу изменить свою тактику, попутно приняв пару необходимых эликсиров.\r\nБогатство взаимодействия\r\nОткройте для себя нескончаемые возможности использования и комбинирования предметов. Создавайте полезные снадобья и смертоносные яды из подручных материалов.\r\nВыдающийся саундтрек\r\nНасладитесь великолепной музыкой, написанной специально для игры композитором Кириллом Покровским, бывшим участником знаменитой российской группы «Ария».', 1, '', 'Windows XP', 'Pentium IV с тактовой частотой 1.0 ГГц', '1', 'совместимая с DirectX', '2', 'Windows XP', 'Pentium IV с тактовой частотой 1.0 ГГц', '1', 'совместимая с DirectX', '2', 0, 0, 0, 0, 1),
(43, 4, 3, 0, 0, 0, 'Divinity: Dragon Commander', 8543, 599, 0, 'Larian Studios', 'Larian Studios', '2013-08-06', '', '', 'Вы - рыцарь-дракон. Ваша цель - объединить разбитое королевство и стать новым императором. Ваш успех зависит только от ваших способностей эффективно управлять империей, создавать непобедимые армии и вести их к победе. Ваше секретное оружие: тактические навыки, лидерские способности, а также возможность в любой момент превращаться в огнедышащего дракона.\r\n\r\nDragon Commander - это не просто стратегическая игра. В ней сочетаются RTS-геймплей, пошаговая глобальная карта, ролевая игра и экшен с управлением устрашающим драконом.\r\nKey Features\r\nСтратегия в реальном времени: Управляйте войсками на земле, море и в воздухе. Взаимодействие различных типов войск, а также правильный менеджмент вашей армии - ключевые факторы победы.\r\nСимулятор дракона: во время RTS-режима вы сможете превращаться в дракона, чтобы лично помочь своим войскам в битвах или нанести удар по сопернику, используя многочисленные заклинания.\r\nПошаговая кампания: Стройте планы по захвату мира на пошаговой тактической карте мира. Планируйте на несколько шагов вперед, стройте могущественные армии и инвестируйте в правильные технологии и апгрейды для юнитов и дракона.\r\nУправляйте империей: Вы император - а значит, вам принимать решения! Но будьте осторожны: политический баланс очень легко нарушить. Каждая игра в Dragon Commander уникальна, и требует принятия крайне непростых решений. Ощутите последствия своих действий как во время битв, так и на глобальной игровой карте.\r\nОднопользовательский, многопользовательский и кооперативный режимы: Играйте в сюжетную кампанию или опробуйте свои навыки против других рыцарей-драконов - онлайн или через LAN-соединение. Начните свою собственную многопользовательскую кампанию вместе с другом - или же против него. И не забывайте про тренировки в режиме \"быстрой битвы\".', 1, '', 'Windows XP SP3', 'Intel Core2 Duo E6600 or equivalent', '2', 'NVIDIA® GeForce® 8800 GT (512 MB) or ATI™ Radeon™ ', '15', 'Windows 7 SP1', 'Intel i5 2400', '4', 'NVIDIA® GeForce® GTX 550 ti 1GB ram or or ATI™ Rad', '30', 0, 0, 0, 0, 1),
(44, 1, 3, 11, 0, 0, 'Divinity II', 4678, 419, 0, 'Larian Studios', 'Larian Studios', '2012-10-29', '', '', 'Драконы: на них охотились, их убивали, но настал их час - пришла пора нанести ответный удар. Выйдите за пределы человеческого тела и поднимитесь в небеса в этой эпической ролевой игре, где вам предстоит померяться силой с тысячью врагов. Расправьте крылья, жгите врагов огненным дыханием-станьте драконом!\r\n\r\nDeveloper’s Cut вошло полное издание Divinity II, рассчитанное на более чем 100 часов ролевых приключений, новый режим разработчиков и многие другие удивительные материалы!\r\nКлючевые особенности:\r\nРежим разработчиков \r\nТеперь вы можете не только играть, но и взглянуть на игру глазами разработчиков! Включите консоль и развлекайтесь! Хотите испытать новый навык на сотне гоблинов? Не вопрос! Мечтаете обойти весь игровой мир в обличье тролля? Ваша мечта сбылась! Целый арсенал потрясающих команд позволит вам почувствовать себя настоящим волшебником!!\r\n\r\nРождение дракона \r\nПосмотрите этот уникальный фильм о создании Divinity, о победах и поражениях разработчиков, о разных сторонах творческого процесса.\r\n\r\nСокровищница \r\nЦелая коллекция дизайн-документов, набросков и видеороликов позволит взглянуть на Divinity II не как на законченную игру, а как на проект, который находится в разработке. Узнайте, как создаются игры!\r\n\r\nСражайтесь в обличье человека и дракона \r\nВпервые в истории ролевых игр вы можете обрести силу дракона! Поднимитесь в небеса и испепелите всех, кто посмел встать у вас на пути! Сражайтесь и, как человек, и как дракон, и станьте идеальным рыцарем-драконом!\r\n\r\nДинамически развивающийся сюжет, который зависит от ваших навыков и решений \r\nВ игре Divinity II вам не раз придется выбирать, каким именно способом выполнить задание.\r\n\r\nПревратите крепостную башню в свою базу \r\nНад Островом стражей, словно огромная каменная лапа, возвышается крепостная башня - цитадель, построенная много веков назад давно забытым магом. Свяжите свою судьбу с ней с помощью загадочного артефакта-Камня драконов.\r\n\r\nСоздайте свое боевое существо \r\nПризовите духов и вдохните жизнь в существо, собранное из частей убитых врагов. Мощь данного существа буквально равняется сумме его частей; когда вы его призовете, оно будет помогать вам в бою!', 1, '', 'Windows XP SP3 or higher', 'Intel Core 2 Duo 1.8Ghz or equivalent', '1', 'Nvidia GeForce 7600 with 256MB RAM or equivalent', '15', 'Windows XP SP3 or higher', 'Intel Core 2 Duo 2.6Ghz or equivalent', '2', 'Nvidia GeForce 8800 with 512MB RAM or equivalent', '15', 0, 0, 0, 0, 1);
INSERT INTO `product` (`id`, `category_id`, `teg_id`, `other_id`, `like_id`, `series_id`, `name`, `code`, `price`, `price_sale`, `developer`, `publisher`, `date`, `image`, `imagerec`, `description`, `info`, `series`, `os_min`, `cp_min`, `op_min`, `vk_min`, `pd_min`, `os_max`, `cp_max`, `op_max`, `vk_max`, `pd_max`, `is_new`, `is_recommended`, `is_sale`, `is_pre`, `status`) VALUES
(45, 1, 3, 3, 0, 0, 'Beyond Divinity', 8996, 149, 0, 'Larian Studios', 'Larian Studios', '2004-04-27', '', '', 'Beyond Divinity — продолжение Divine Divinity, награжденной многими наградами и титулами. Душу главного героя сковывают с душой рыцаря смерти. Если проклятие не удастся снять, светлый паладин обречен провести вечность бок о бок с порождением тьмы! Вас ждет величайшее приключение Ривеллона!\r\n\r\nНовая, переработанная версия поддерживает Windows 7 и высокие разрешения экрана.\r\nКлючевые особенности:\r\nЭпическая ролевая игра\r\nЭто приключение займет более 60 часов. В 4 сюжетных главах вы побываете в разных уголках огромного игрового мира, выполняя самые разные нелинейные задания. А если и этого мало, вы всегда можете отправиться в Параллельный мир — созданный случайным образом мир, где вас ждет множество новых заданий, врагов и добычи.\r\n\r\nБесклассовая система развития\r\nТолько вам решать, каким будет ваш герой! В открытой системе нет классов, зато в вашем распоряжении более 30 свойств и 290 навыков, среди которых алхимия, ремесла и многое другое.\r\n\r\nКомандные действия принесут победу\r\nВы можете быстро и плавно переключаться между своим героем и рыцарем смерти. По ходу боя можно поставить игру на тактическую паузу и раздать приказы всем бойцам отряда. Призывайте магических кукол, чтобы усилить ваш небольшой отряд.\r\n\r\nПолная интерактивность\r\nВ игре огромное количество предметов, которые можно изучать, покупать, применять и объединять друг с другом. Нашли пустые бутылочки и немного красивых грибов? Сварите из них зелье! Добыли какой-то мерзкий яд? Смажьте им клинок или наконечники стрел: враги даже не успеют понять, что их ужалило!\r\n\r\nЗнаменитое звуковое сопровождение\r\nНаслаждайтесь прекрасными мелодиями, которые сочинил Кирилл Покровский, обладатель двух наград IGN «Выдающиеся достижения в музыке».', 1, '', 'Windows XP', 'Pentium 4 1.4 GHz', '1', 'DirectX compatible 3D card', '2', 'Windows XP', 'Pentium 4 1.4 GHz', '1', 'DirectX compatible 3D card', '2', 0, 0, 0, 0, 1),
(46, 2, 2, 0, 0, 2, 'Grand Theft Auto V', 7332, 750, 1499, 'Rockstar North', 'Rockstar Games', '2015-04-14', '', '', 'Вместе с легендарным Тони Принсом вы сможете открыть ночной клуб и пригласить туда диджеев с мировым именем: Solomun, Tale Of Us, Dixon и The Black Madonna. Клуб послужит прикрытием для вашего бизнеса, и из него вы будете проворачивать невероятные сделки.\r\n\r\nКогда молодой уличный жулик, отставной грабитель банков и опасный для общества психопат оказываются втянуты в разборки с самыми пугающими и сумасшедшими представителями криминального мира, правительства США и индустрии развлечений, им приходится выполнить серию рискованных налетов, чтобы выжить в безжалостном городе, где они не могут доверять никому – и в первую очередь друг другу.\r\n\r\nGrand Theft Auto V для PC позволяет игрокам исследовать знаменитый мир Лос-Сантоса и округа Блэйн в разрешении до 4k и выше с частотой 60 кадров в секунду.\r\n\r\nИгра предлагает множество уникальных для компьютера настроек, в том числе более 25 отдельных параметров для настройки качества текстур, шейдеров, тесселяции, сглаживания и не только, а также поддержку и настройку управления с помощью клавиатуры и мыши. Из дополнительных возможностей можно отметить ползунок населенности города, управляющий плотностью потока машин и пешеходов, поддержку двух и трех мониторов, поддержку 3D и функцию «plug-and-play» для геймпадов.\r\n\r\nА еще Grand Theft Auto V для PC включает Grand Theft Auto Online с поддержкой 30 игроков и двух зрителей. В состав Grand Theft Auto Online для PC входят все ранее выпущенные улучшения игрового процесса и созданные Rockstar материалы, в том числе недавно вышедшее обновление «Ограбления» и режим «Противоборство», которые доступны с первого дня.\r\n\r\nВ PC-версии Grand Theft Auto V и Grand Theft Auto Online представлен режим от первого лица, позволяющий еще ближе рассмотреть невероятно достоверный мир Лос-Сантоса и округа Блэйн.\r\n\r\nВ Grand Theft Auto V для PC впервые появляется редактор Rockstar – набор мощных творческих инструментов для быстрой и удобной записи, монтажа и публикации видеороликов, снятых в Grand Theft Auto V и Grand Theft Auto Online. Доступный в редакторе Rockstar режим режиссера позволяет игрокам создавать свои сцены с участием известных персонажей из сюжетного режима, пешеходов и даже животных. Помимо развитой системы управления камерой, режимов монтажа, в том числе ускоренного и замедленного воспроизведения, и ряда фильтров камеры, игроки могут добавлять музыку из фонотеки радиостанций GTA V и динамически изменять интенсивность музыкального воспроизведения игры. Готовые видеоролики можно легко загрузить прямо из редактора Rockstar в YouTube или Rockstar Games Social Club.\r\n\r\nАвторы саундтрека игры, The Alchemist и Oh No, вернулись в качестве ведущих новой радиостанции, которая называется The Lab FM и транслирует новую и эксклюзивную музыку этих авторов, созданную по мотивам оригинального саундтрека игры. Гостями станции бывают Earl Sweatshirt, Freddie Gibbs, Little Dragon, Killer Mike, Sam Herring из Future Islands и другие музыканты. Кроме того, игроки могут исследовать Лос-Сантос и округ Блэйн под выбранную ими музыку – это возможно благодаря новой радиостанции Self Radio, проигрывающей собранные игроком саундтреки.', 3, 'Эта игра из серии игр <a href=\"/series/2\">Grand Theft Auto</a>', 'Windows 8.1 64 Bit, Windows 8 64 Bit, Windows 7 64', 'Intel Core 2 Q6600 @ 2.40 Ггц (четырехъядерный) / ', '4', ' NVIDIA 9800 GT c 1 Гб видеопамяти/ AMD HD 4870 с ', '72', 'Windows 8.1 64 Bit, Windows 8 64 Bit, Windows 7 64', 'Intel Core i5 3470 @ 3.2 Ггц (четырехъядерный) / A', '8', 'NVIDIA GTX 660 с 2 Гб видеопамяти / AMD HD7870 с 2', '72', 0, 0, 1, 0, 1),
(47, 2, 3, 0, 0, 0, 'Max Payne 3', 3554, 699, 0, 'Rockstar North', 'Rockstar Games', '2012-06-01', '', '', 'Макс Пэйн пережил многое: на его глазах умирали родные и близкие ему люди, и эти трагедии оставили в его душе неизгладимый след. Он ушел из полиции, пристрастился к выпивке и болеутоляющим, всё больше погружаясь в бездну отчаянья. В попытке бежать от своего прошлого Макс перебирается в Бразилию и становится телохранителем богатого торговца недвижимостью из Сан-Паулу — Родриго Бранко. Но события разворачиваются таким образом, что Макс оказывается на улицах незнакомого города лицом к лицу со смертельной опасностью. Он должен выжить — и выяснить, что же происходит.\r\n\r\n\r\nНовейшая игровая механика, позволяющая вести предельно точную стрельбу, усовершенствованные эффекты замедления времени (Bullet Time®) и стрельбы в прыжке (Shootdodge™), система поведения персонажей Euphoria, созданная компанией Natural Motion, а также мрачный и закрученный сюжет — всё это делает игру Max Payne 3 от компании Rockstar Games невероятно кинематографичной, проработанной до мельчайших деталей и проносящейся перед игроком на одном дыхании.\r\nМНОГОПОЛЬЗОВАТЕЛЬСКАЯ ИГРА\r\nВ дополнении к одиночной кампании, Max Payne 3 будет первой игрой в серии, которая представит увлекательную многопользовательскую игру. Многопользовательская игра в Max Payne 3 приносит всё ту же самую атмосферу перестрелок и кинематографичности из одиночной кампании. Используя элементы фантастики и фирменные элементы серии Max Payne, Max Payne 3 приносит широкий выбор многопользовательских режимов, которые затрагивают темы паранойи, предательства и героизма, всё как в одиночной кампании.\r\nНовшеством, которое дебютирует в Max Payne 3 и будет продолжено в будущем в Grand Theft Auto V, являются Банды, которые выходят за рамки традиционных кланов, позволяя игрокам вступать в большие группировки, или же создать свою группировку которую её члены могут настроить. Таким образом, Банды, помогают игрокам выживать из боя в бой — и даже в других играх — через Rockstar Games Social Club, который отслеживает всю статистику банд, в том числе и распри.\r\nКлючевые особенности:\r\nВысокая детализация изображения, незаметная плавная подгрузка игрового пространства, кинематографичность - фирменные знаки игр Rockstar Games.\r\nУсовершенствованные эффекты замедления времени (Bullet Time®) и стрельбы в прыжке (Shootdodge™), а также камера, фиксирующая смерть последнего противника, создают особый, неповторимый стиль.\r\nНовые механизмы прицеливания и анимации позволяют вести быструю и точную стрельбу.\r\nМрачный закрученный сюжет, повествующий о возвращении Макса Пэйна, одного из самых культовых персонажей компьютерных игр.\r\nИнтеграция системы поведения персонажей Euphoria от компании Natural Motion с новой версией движка Rockstar Advanced Game Engine (RAGE) передает движения персонажей и их взаимодействие с окружающей средой максимально правдоподобно.\r\nНевероятная детализация множества видов оружия: курки взводятся, гильзы отлетают, а полет каждой пули моделируется индивидуально от выстрела до попадания в цель.\r\nУлучшенная физическая модель и разрушаемое окружение, для захватывающих перестрелок.\r\nНовое слово в серии — увлекательные, захватывающие режимы сетевой игры, гармонично дополняющие мрачную и напряженную атмосферу повествования.', 1, '', '32- или 64-разрядная Windows 7 с пакетом обновлени', 'двухъядерный Intel с тактовой частотой 2,4 ГГц – ш', '2', 'NVIDIA® 8600 GT с 512 МБ видеопамяти – NVIDIA® GeF', '35', '32- или 64-разрядная Windows 7 с пакетом обновлени', 'двухъядерный Intel с тактовой частотой 2,4 ГГц – ш', '16', 'NVIDIA® 8600 GT с 512 МБ видеопамяти – NVIDIA® GeF', '35', 0, 0, 0, 0, 1),
(48, 2, 3, 11, 0, 0, 'L.A. Noire', 7323, 599, 0, 'Rockstar North', 'Rockstar Games', '2011-11-08', '', '', 'Using groundbreaking new animation technology, MotionScan, that captures every nuance of an actor\'s facial performance in astonishing detail, L.A. Noire is a violent crime thriller that blends breathtaking action with true detective work to deliver an unprecedented interactive experience. Search for clues, chase down suspects and interrogate witnesses as you struggle to find the truth in a city where everyone has something to hide.\r\n\r\nAmid the post-war boom of Hollywood\'s Golden Age, Cole Phelps is an LAPD detective thrown headfirst into a city drowning in its own success. Corruption is rampant, the drug trade is exploding, and murder rates are at an all-time high. In his fight to climb the ranks and do what\'s right, Phelps must unravel the truth behind a string of arson attacks, racketeering conspiracies and brutal murders, battling the L.A. underworld and even members of his own department to uncover a secret that could shake the city to its rotten core. \r\n\r\nL.A. Noire is the first videogame to be honored as an Official Selection by the Tribeca Film Festival.', 1, '', 'Windows 7 ', 'минимум двухъядерные (с тактовой частотой от 2,2 Г', '2', 'минимум NVIDIA GeForce 8600 GT (с 512 МБ видеопамя', '16', 'Windows 7 ', 'минимум двухъядерные (с тактовой частотой от 2,2 Г', '8', 'минимум NVIDIA GeForce 8600 GT (с 512 МБ видеопамя', '16', 0, 1, 0, 0, 1),
(49, 2, 3, 0, 0, 0, 'Mass Effect', 9087, 399, 0, ' BioWare', 'Electronic Arts', '2008-05-28', '', '', 'В роли капитана Шепарда, возглавляющего отряд элитных бойцов, вам предстоит отправиться по всей галактике в эпическое, полное приключений путешествие. \r\n\r\nВам откроется нависшая над миром опасность, затаившаяся и ждущая своего часа с незапамятных времен. Чтобы спасти цивилизацию, вам придется сразиться с предателем Сареном и его смертоносной армией. Судьба всего живого зависит от вас и ваших действий! \r\n\r\nЛучшая игра 2007 года по мнению издания New York Times \r\n\r\nПотрясающая вселенная с графикой и текстурами высокого разрешения \r\n\r\nУправление и интерфейс оптимизированы для игры на ПК \r\n\r\nСодержит дополнительный бесплатный контент — готовьтесь к противостоянию с внушающими ужас батарианцами \r\n\r\nСоздайте собственного уникального персонажа и погрузитесь в приключение, разворачивающееся на фоне сюжета с открытым финалом \r\n\r\nПотрясающее взаимодействие персонажей в реальном времени \r\n\r\nЗахватывающий тактический бой во главе элитного отряда \r\n\r\nМежпланетные исследования эпических масштабов', 1, '', 'Microsoft Windows XP с SP2 или Windows Vista', 'Intel Pentium 4 2,4 ГГц или быстрее / AMD 2,0 ГГц ', '1', 'видеокарта с поддержкой DirectX 9.0c, ATI X1300 XT', '12', 'Microsoft Windows XP с SP2 или Windows Vista', 'Intel Pentium 4 2,4 ГГц или быстрее / AMD 2,0 ГГц ', '1', 'видеокарта с поддержкой DirectX 9.0c, ATI X1300 XT', '12', 0, 0, 0, 0, 1),
(50, 2, 3, 0, 0, 0, 'Mass Effect 2', 8643, 399, 0, 'BioWare', 'Electronic Arts', '2010-01-29', '', '', 'От создателей Star Wars®: Knights of the Old Republic™, Dragon Age: Origins™ и Mass Effect™ встречайте второй тёмный эпизод эпичной трилогии Mass Effect.\r\nЧерез два года после того, как капитан Шепард отразил вторжение Жнецов, стремившихся уничтожить всю органическую жизнь во вселенной, у человечества появился новый враг. На окраинах обитаемого космоса кто-то постепенно уничтожает людские колонии. Чтобы остановить надвигающуюся угрозу, Шепарду предстоит сотрудничать с Цербером - безжалостной террористической организацией, провозглашающей выживание человечества любой ценой. \r\nДля выполнения этой ответственной миссии Шепард должен собрать лучшую команду в галактике и принять командование самым мощным космическим кораблем в истории. Но даже с такими ресурсами большинство считают эту затею самоубийством. Капитан Шепард должен доказать скептикам, что они ошибались. \r\nБудущее человечества под угрозой\r\nКомандуйте лучшей командой в галактике, состоящей из уникальных персонажей, и выполните множество сложных заданий в самых опасных уголках галактики.\r\nИгравшие в первую часть Mass Effect смогут импортировать свои сохраненные игры и продолжить повествование. Новых игроков ждет захватывающее приключение, по всем статьям превосходящее оригинальную игру.\r\nДинамичный бой от третьего лица \r\nУлучшенная боевая система позволяет с легкостью направлять в бой свой элитный отряд, использовать укрытия, вести огонь из 19 типов оружия, включая тяжелое, обрушивать на врагов биотические удары. Новый механизм прицеливания позволит эффективно вести бой с множеством противников.\r\nВас ждет целая галактика\r\nЧтобы собрать команду, вам придется посетить самые отдаленные и опасные регионы галактики. Предстоит встретиться с различными персонажами в красивых и жестоких мирах. Исследуйте уникальные планеты, выполняйте второстепенные задания и открывайте новые секреты вселенной Mass Effect.\r\nСистема развития персонажа\r\nВыберите один из шести классов, внешность и создайте своего собственного персонажа со всеми его достоинствами и недостатками.\r\nВыбирайте свою линию поведения в разговоре при помощи улучшенной системы диалогов - словами часто можно добиться больше, чем грубой силой.\r\nСеть Цербер\r\nВходите в сеть и получайте дополнительный загружаемый контент. Вас ждут новые напарники, новые задания и внутри-игровая лента новостей.', 1, '', 'Windows XP с пакетом обновлений 3 / Windows Vista ', 'Intel Core 2 Duo с тактовой частотой 1,8 ГГц или а', '1', 'с 256 МБ видеопамяти и поддержкой шейдеров 3.0 ', '15', 'Windows XP SP3 / Windows Vista SP1 / Windows 7', '2.6+ GHz Core 2 Duo Intel or equivalent AMD CPU', '2', 'ATI Radeon HD 2900 XT, NVIDIA GeForce 8800 GT, or ', '15', 0, 0, 0, 0, 1),
(51, 2, 3, 0, 0, 2, 'Grand Theft Auto: Vice City', 9753, 399, 0, 'Rockstar North', 'Rockstar Games', '2003-05-13', '', '', 'Добро пожаловать в 80-е. \r\n\r\nИз десятилетия больших причесок, вседозволенности и пастельных костюмов пришла эта история — о восхождении одного человека на вершину криминальной пирамиды. Grand Theft Auto возвращается! Vice City — огромный растущий город, растянувшийся от пляжей до болот и от перспективных районов до гетто, и является самым разнообразным, полноценным и живым цифровым городом, из когда-либо созданных. Сочетая нелинейный геймплей и сюжет, игра дает вам шанс взять в свои руки этот деградирущий город, до краев наполненный удовольствиями.', 1, 'Эта игра из серии игр <a href=\"/series/2\">Grand Theft Auto</a>', 'Microsoft® Windows® 2000/XP', '800 МГц Intel Pentium III или 800 МГц AMD Athlon и', '1', '32 МБ видеокарта с совместимыми с DirectX 9.0 драй', '1', 'Microsoft® Windows® 2000/XP', 'Intel Pentium IV или AMD Athlon XP', '1', '64 МБ или больше видеокарта с совместимыми с Direc', '2', 0, 0, 0, 0, 1),
(52, 2, 3, 0, 0, 2, 'Grand Theft Auto: San Andreas', 6906, 499, 0, 'Rockstar North', 'Rockstar Games', '2005-06-06', '', '', 'Пять лет назад Карл Джонсон сбежал от трудностей жизни в Лос-Сантосе, Сан-Андреас… в городе, разорванным на части гангстерскими войнами, наркотиками и коррупцией. Место, где кинозвезды и миллионеры всячески стараются оградиться от наркодилеров и бандитов.\r\n\r\nСейчас ранние 90-е. Карл вернулся домой. Его мать была убита, его семья распалась, а все друзья его детства находятся на полпути к гибели. \r\n\r\nПо его возвращении в родные кварталы, несколько продажных копов подставили его в убийстве. Карл был вынужден пуститься в путь, который проведет его через весь штат Сан-Андреас, поможет спасти свою семью и получить контроль над улицами.', 1, 'Эта игра из серии игр <a href=\"/series/2\">Grand Theft Auto</a>', 'Microsoft® Windows® 2000 и XP', 'Pentium III или AMD Athlon, с тактовой частотой 1 ', '1', 'с 64 МБ видеопамяти (Geforce 3 или лучше)', '4', 'Microsoft® Windows® 2000 и XP', 'Intel Pentium 4 или AMD Athlon XP', '1', 'со 128 и более МБ видеопамяти (рекомендуется GeFor', '5', 0, 0, 0, 0, 1),
(53, 2, 3, 3, 0, 0, 'Bully: Scholarship Edition', 7453, 399, 0, 'Rockstar North', 'Rockstar Games', '2008-10-21', '', '', 'События Bully: Scholarship Edition происходят в вымышленной английской школе-интернате Буллворт. В игре рассказывается история 15-летнего хулигана Джимми Хопкинса, проходящего веселый подростковый период. Побеждай качков в «вышибалах», разыгрывай мажоров, спасай ботаников, целуй девчонок и блуждай по социальной иерархии худшей школы в окрестности.\r\nВключает полный набор музыки из игры, состоящий из 26-и мелодий.', 1, '', 'Windows XP / Windows Vista ', 'Intel Pentium 4 (с тактовая частота 3 ГГц или лучш', '1', 'совместимая с DirectX 9.0c и поддержкой шейдеров 3', '5', 'Windows XP / Windows Vista ', 'Intel Pentium 4 (с тактовая частота 3 ГГц или лучш', '1', 'совместимая с DirectX 9.0c и поддержкой шейдеров 3', '5', 0, 1, 0, 0, 1),
(54, 2, 3, 0, 0, 2, 'Grand Theft Auto IV', 2567, 599, 0, 'Rockstar North', 'Rockstar Games', '2008-02-02', '', '', 'Что сегодня означает американская мечта? \r\nДля Нико Беллика, приплывшего на корабле из Европы, она означает надежду уйти от своего прошлого. Для его двоюродного брата Романа она означает видение, что вместе они могут найти счастье в Либерти-Сити, вратах в страну возможностей. Но, поскольку они влезают в долги и втягиваются в преступный мир, полный мошенников, воров и социопатов, они быстро понимают, что реальность сильно отличается от мечты в городе, который является раем лишь для тех, у кого есть деньги и статус, для остальных же он является кошмаром. \r\nНовейшие технологии приводят Либерти-Сити к жизни с потрясающей графикой \r\nРасширенная многопользовательская игра потребует хорошие умения и стратегии, чтобы выйти на первое место \r\nПользовательский матч позволяет выбрать ваши любимые параметры многопользовательской игры и мгновенно найти желаемую игру, которая им соответствует \r\nОптимизирован для управления с помощью клавиатуры и мыши, а также для геймпада от Xbox 360', 1, 'Эта игра из серии игр <a href=\"/series/2\">Grand Theft Auto</a>', 'Windows Vista (с пакетом обновлений 1) / Windows X', 'Intel Core 2 Duo с тактовой частотой 1,8 ГГц, AMD ', '2', 'с 256 МБ видеопамяти, Nvidia 7900 / ATI X1900 ', '16', 'Windows Vista (с пакетом обновлений 1) / Windows X', 'Intel Core 2 Duo с тактовой частотой 1,8 ГГц, AMD ', '2', 'с 256 МБ видеопамяти, Nvidia 7900 / ATI X1900 ', '16', 0, 0, 0, 0, 1),
(55, 2, 3, 0, 0, 0, 'Saints Row: The Third', 5607, 249, 0, 'Volition', 'Deep Silver', '2011-11-15', '', '', 'Прошли годы с тех пор, как Святые 3-й улицы забрали себе Стилвотер. Это уже не обычная уличная банда, а настоящий бренд с кроссовками, энергетическими напитками имени себя и куклами Джони Гэта с качающейся головой, которые продает каждый магазинчик поблизости. \r\nСвятые — короли Стилвотера, но их статус знаменитостей не остался незамеченным. Синдикат, легендарное криминальное братство со своими людьми по всему земному шару, обратило внимание на Святых и теперь требует дани. Не желая вставать на колени перед Синдикатом, вы ведете бои в Стилпорте, когда-то знаменитом метрополисе, ставшего отныне городом грехов под управлением Синдиката.\r\nСбрасывайте танки с воздуха, заказывайте удары авиации по мексиканской банде рестлеров и защищайтесь от натренированных военных, используя лишь игрушку для секса; разожгите городскую войну, которая поставит весь Стилпорт на дыбы в самом диком сюжете, когда-либо придуманным для игры. Пристегните ремни.', 1, '', 'Windows® XP', 'двухъядерный с тактовой частотой 2 ГГц (Intel® Cor', '2', 'с 320 МБ видеопамяти и поддержкой шейдеров 3.0. NV', '10', 'Windows® 7', 'любой четырехъядерный (Intel® Core i5 или AMD Phen', '4', 'с 1 ГБ видеопамяти и поддержкой шейдеров 4.0. NVID', '10', 0, 0, 0, 0, 1),
(56, 2, 3, 0, 0, 0, 'Saints Row IV', 7463, 349, 0, 'Volition', 'Deep Silver', '2013-08-23', '', '', 'The US President must save the Earth from alien overlord Zinyak using an arsenal of superpowers and strange weapons in the wildest open world game ever.\r\n\r\nThe epic conclusion to the game that changed all the rules! The Saints have gone from the crackhouse to the White House—but the Earth has been invaded and it’s up to you to free the world from Overlord Zinyak and his alien empire. With homies new and old by your side, and an arsenal of superpowers and strange weapons, you must save the world in the wildest open world game ever!\r\nFEATURES\r\nThe American (Fever) Dream – Play as the President of the United States in a story that spans countries, space, and time. Saints Row IV is to Saints Row: The Third what Saints Row: The Third is to Do The Right Thing. You’re not ready.\r\nSuper Hero-in-Chief – Leap over buildings. Kill people with your mind. Run through tanks. Those are some of the most mundane powers you will wield in your quest to stop an alien menace hell-bent on destroying the Earth.\r\nAlien Toys of Destruction - Wield an impressive array of alien vehicles and weapons… FOR SCIENCE!\r\nCustom Weapons, Custom Mayhem – You’ve customized your character. You’ve customized your clothes. Now you can complete the look with our all new weapon customization system. Turn traditional weapons into exotic conversation pieces!\r\nDynamic Duo - Seamless drop-in, drop-out co-op, a Saints Row standard, improved. The only thing better than one malicious super-powered President is two.', 1, '', 'Windows Vista (x86 or x64)', 'Intel Core 2 Quad Q6600 | AMD Athlon II x3', '4', 'NVIDIA GTX 260 | AMD Radeon HD 5800 series', '10', 'Windows 7 (x86 or x64)', 'Intel i3 2100T | AMD Phenom II x4 or higher', '4', 'NVIDIA GTX 560 | AMD Radeon HD 6800 series or high', '10', 0, 1, 0, 0, 1),
(57, 2, 3, 2, 0, 0, 'Far Cry 3', 5667, 599, 999, 'Ubisoft', 'Ubisoft', '2012-11-29', '', '', 'Far Cry 3 — шутер от первого лица с открытым миром, события которого происходят на острове, не похожем на другие. Там, где тяжело вооруженные военачальники обмениваются рабами. Там, где на нежеланных гостей охотятся за вознаграждение. И когда вы берете на себя отчаянную миссию по спасению своих друзей, приходит осознание того, что единственный способ избежать этой черни — встретиться с ней лицом к лицу.\r\nОсновные особенности:\r\nШУТЕР ОТ ПЕРВОГО ЛИЦА С ОТКРЫТЫМ МИРОМ\r\n\r\nСоздайте себе собственное приключение. Выберите свое оружие, умения и то, откуда вы начнете задание. Не имеет значения, любите ли вы стрелять во всё, что движется, тихо устранять противников по одному или разбираться с ними на почтительном расстоянии — вы сможете играть так, как хотите именно вы.\r\n\r\nОСТРОВ ОПАСНОСТЕЙ И ОТКРЫТИЙ\r\n\r\nИсследуйте целый остров, на котором нашлось место как горным цепям и болотистым равнинам, так и пляжам с белоснежным песком. Находите реликвии, охотьтесь на экзотических животных, играйте в мини-игры и путешествуйте по земле, воде или воздуху. Проложите себе путь через города, храмы и речные укрепления этого острова!\r\n\r\nРАСКРОЙТЕ ЗАПОМИНАЮЩУЮСЯ ИСТОРИЮ И БЕЗУМНЫХ ПЕРСОНАЖЕЙ\r\n\r\nПогрузитесь в темную сторону человеческой природы и познакомьтесь с харизматичными персонажами, которых придумал лауреат премии Гильдии сценаристов.\r\n\r\nИГРАЙТЕ С ДРУЗЬЯМИ В ПОЛНОЦЕННОЙ КООПЕРАТИВНОЙ КАМПАНИИ\r\n\r\nИграйте через Интернет в кампанию для четырех игроков, где вам придется выложиться на все сто и работать вместе, чтобы одержать победу. Взгляните на остров глазами своенравной команды и помогите ей выжить в её собственной борьбе.\r\n\r\nДРУГОЕ ПОКОЛЕНИЕ МНОГОПОЛЬЗОВАТЕЛЬСКОЙ ИГРЫ\r\n\r\nИнновационная система наград и командной игры в мультиплеере. Чтобы повысить уровень, игроки должны помогать друг другу боевыми кличами, возрождать товарищей по команде и вызывать орудия поддержки. После каждого боя у игроки могут покарать соперников или показать милосердие, выбрав один из множества способов с интерактивными роликами.\r\n\r\nИСПОЛЬЗУЙТЕ РЕДАКТОР КАРТ, ЧТОБЫ СОЗДАВАТЬ И ИСПОЛЬЗОВАТЬ НОВЫЙ КОНТЕНТ\r\n\r\nМощный и удобный в использовании редактор карт Far Cry® вернулся с новыми и улучшенными возможностями. Сообщество создателей карт обеспечивает постоянный поток совершенно нового контента, лучший из которого видит весь мир. С помощью встроенных инструментов, вы тоже сможете легко и просто создавать великолепные карты.\r\n\r\nПЕРЕДОВЫЕ ГРАФИКА И ГЕЙМПЛЕЙ\r\n\r\nFar Cry® 3 разрабатывается дизайнерами мирового уровня, которые подарили вам признанные критиками игры, такие как Assassin’s Creed® 2, Assassin’s Creed® Brotherhood и World in Conflict®.', 1, '', 'Windows XP, Windows Vista и Windows 7', 'Intel Core®2 Duo E6700 с тактовой частотой 2,6 ГГц', '2', 'с 512 МБ видеопамяти (с 1 ГБ видеопамяти), с подде', '15', 'Windows XP, Windows Vista и Windows 7', 'Intel Core®2 Duo E6700 с тактовой частотой 2,6 ГГц', '4', 'с 512 МБ видеопамяти (с 1 ГБ видеопамяти), с подде', '15', 0, 1, 0, 0, 1),
(58, 2, 3, 0, 0, 0, 'Far Cry 4', 6768, 1499, 0, 'Ubisoft', 'Ubisoft', '2014-11-18', '', '', 'Добро пожаловать в Кират – затерянную среди вершин Гималаев страну с богатыми традициями, мир которому угрожает деспотичный правитель. Ваш герой, Аджай Гейл, прибыл сюда, чтобы исполнить последнюю волю матери, но оказался втянут в гражданскую войну: местные жители пытаются свергнуть самозванца Паган Мина. Отправляйтесь в путешествие по открытому миру, но будьте осторожны: в незнакомой стране с вами может случиться что угодно.\r\n\r\nОсобенности\r\n\r\n• УНИКАЛЬНЫЙ МИР\r\nВ новой игре серии Far Cry® вы окажетесь в далекой стране, где красота и опасность издревле неотделимы друг от друга. Исследуйте огромные территории, покрытые дикими лесами; покоряйте заснеженные вершины горных цепей!\r\n- Фауна Кирата разнообразна: здесь водятся леопарды, носороги, орлы-яйцееды и даже достаточно редкий вид барсуков – медоеды. Охотник, помни: отправляясь за добычей, гляди в оба, иначе сам станешь жертвой…\r\n- Отмечайте вражеские позиции во время полета на усовершенствованном гироплане, а если вас заметили, попытайтесь скрыться с помощью костюма-крыла. Отправляйтесь в путь верхом на огромном слоне, от вида которого даже у бывалого солдата затрясутся поджилки!\r\n- Выбирайте подходящее оружие! Неважно, насколько сложным может показаться задание: благодаря большому арсеналу оружия вы сможете выбраться из любой ситуации.\r\n\r\n• СОВМЕСТНАЯ ИГРА: ПРИГЛАСИТЕ ДРУГА\r\nВ путешествие лучше отправляться вдвоем. В Far Cry 4 представлена обновленная система совместной игры: ваш друг сможет присоединиться в любой момент. Исследуйте загадочный мир Кирата в компании верного товарища', 1, '', 'Windows® 7 (SP1) / Windows® 8 / Windows® 8.1 / (64', '2.6 GHz Intel® Core™ i5-750 or 3.2 GHz AMD Phenom™', '4', 'NVIDIA GeForce GTX 460 or AMD Radeon HD5850 (1 GB ', '30', 'Windows® 7 (SP1) / Windows® 8 / Windows® 8.1 / (64', '2.5 GHz Intel® Core™ i5-2400S or 4.0 GHz AMD FX-83', '8', 'NVIDIA GeForce GTX 680 or AMD Radeon R9 290X or be', '30', 0, 0, 0, 0, 1),
(59, 2, 3, 0, 0, 0, 'Far Cry 5', 6478, 1999, 0, 'Ubisoft', 'Ubisoft', '2018-03-27', '', '', 'В этот раз действие знаменитой серии Far Cry происходит в Америке.\r\nДобро пожаловать в Монтану - округ Хоуп - земли свободных и смелых, захваченные фанатиками Врат Эдема. Дайте отпор Иосифу Сиду и его сторонникам. Разожгите огонь сопротивления.\r\nОтправляйтесь в США, сокрушите сектантов в одиночку или с другом, но бойтесь гнева Иосифа Сида и его последователей. Создайте уникального персонажа! Используйте в борьбе с сектантами разнообразную технику.\r\n\r\nОБНОВЛЕННАЯ СТЕЛС МЕХАНИКА\r\nИграть еще интереснее, если игра отслеживает движения глаз. Обозначив противника взглядом вы сможете улучшить навыки стелс и помочь членам своей команды обнаруживать врагов. \r\nТехнология совместима со всеми игровыми устройствами Tobii Eye Tracking. \r\n\r\nДополнительная информация:\r\nФункции слежения за движением глаз доступны в устройствах Tobii Eye Tracking.', 1, '', 'Windows 7 SP1, Windows 8.1, Windows 10 (64-bit ver', 'Intel Core i5-2400 @ 3.1 GHz or AMD FX-6300 @ 3.5 ', '8', 'NVIDIA GeForce GTX 670 or AMD R9 270 (2GB VRAM wit', '40', 'Windows 7 SP1, Windows 8.1, Windows 10 (64-bit ver', 'Intel Core i7-4770 @ 3.4 GHz or AMD Ryzen 5 1600 @', '8', 'NVIDIA GeForce GTX 970 or AMD R9 290X (4GB VRAM wi', '40', 0, 0, 0, 0, 1),
(60, 4, 3, 0, 0, 0, 'ANNO 1800', 5647, 1999, 0, 'Blue Byte', 'Ubisoft', '2019-01-01', '', '', 'Anno 1800™ – возглавьте промышленную революцию!\r\n\r\nВы окажетесь на заре индустриальной эпохи. Путь, который вы выберете, определит облик всего мира. Станете ли вы изобретателем или эксплуататором? Завоевателем или освободителем? Только от вас зависит, какой след вы оставите в истории.\r\n\r\nAnno 1800 перенесет игроков в XIX век, в мир запутанных политических интриг и стремительно развивающихся технологий. Придется приложить максимум усилий, чтобы отточить способности к управлению и справиться с основной задачей - построить собственную империю, влияние которой распространится от туманных городов Европы до джунглей Южной Америки. \r\n\r\nВ обновленный игровой процесс органично вплетены всеми любимые функции. Anno 1800 открывает новый этап в развитии серии. Игроки смогут повлиять на ход истории в один из судьбоносных периодов.\r\n\r\nНА ЗАРЕ НОВОЙ ЭРЫ\r\nИгра перенесет вас в XIX век, когда полным ходом шла индустриализация, совершались величайшие открытия и активно развивалась дипломатия. Эпоха технологического прогресса, интриг и непрочных союзов послужит превосходным фоном для классического игрового процесса серии. Anno 1800 предоставит немало возможностей проявить управленческие способности. Игрокам предстоит строить огромные города, решать нетривиальные логистические задачи, колонизировать новый экзотический континент, отправлять экспедиции в разные уголки мира и пытаться превзойти соперников в сфере дипломатии, торговли или военного дела.\r\n\r\nВ ЛУЧШИХ ТРАДИЦИЯХ ANNO\r\nAnno 1800 сочетает в себе функции, которые особенно полюбились игрокам за 20 лет существования серии. Детально проработанный симулятор градостроительства включает в себя сюжетную кампанию, режим \"песочницы\", в котором доступно множество настроек, и классическую сетевую игру. С выходом новой части в серию вернутся полюбившиеся многим функции, такие как индивидуально подобранные оппоненты под управлением ИИ, возможность транспортировки товаров, карты, сгенерированные случайным образом, многосессионные игры, особые предметы и многое другое.\r\n\r\nНОВЫЙ ВЕК - НОВЫЕ ФУНКЦИИ \r\nДля максимально достоверного воссоздания исторического периода в Anno 1800 появится множество новых функций. Например, возможность отправлять команды специалистов в экспедиции по всему миру ради богатства и славы. А функция \"Рабочая сила\" сделает управление фабриками максимально удобным и реалистичным. Также игроки смогут освоить территорию Южной Америки с месторождениями черного золота, которое станет незаменимым ресурсом в век индустриализации. \r\n\r\nВЫБЕРИТЕ СТРАТЕГИЮ ДЛЯ ПОБЕДЫ\r\nЧтобы города под вашим управлением росли и процветали, важно уметь корректировать стратегию в соответствии с меняющимися условиями. Обеспечивайте жителей всем необходимым, наладив работу многочисленных производственных цепей, взаимодействуйте с другими правителями под управлением ИИ и приумножайте свое состояние, создав развитую сеть торговых путей.\r\n\r\nВСТУПАЙТЕ В ANNO UNION\r\nУчаствуйте в создании Anno 1800 вместе с командой разработчиков из Ubisoft Blue Byte. Получайте самые свежие новости, узнавайте эксклюзивные подробности о ходе разработки на anno-union.com и участвуйте в создании игры. Мы часто предлагаем игрокам высказывать мнение, голосовать за ту или иную функцию, создавать пользовательский контент или тестировать игру в ходе разработки.', 1, '', 'Windows 7 SP1, Windows 8.1 or Windows 10Microsoft ', 'Intel i5 3470, AMD FX 6350', '8', 'NVIDIA GeForce 670 GTX or AMD Radeon R9 285 (2 GB ', '60', 'Microsoft Windows 7, Windows 8.1 or Windows 10(64-', 'Intel i5 4690k, AMD Ryzen 5 1400', '8', 'NVIDIA GeForce 970 GTX or AMD Radeon RX 480 (4 GB ', '60', 0, 0, 0, 1, 1),
(61, 2, 3, 0, 0, 0, 'Dying light 2', 6756, 1500, 0, 'Techland', 'Techland Publishing', '2019-01-01', '', '', 'Dying Light 2 - это вторая часть популярного зомби-паркур-экшена, события которой разворачиваются в совершенно другой части света. Игроков ждут в разы возросшие масштаб и плотность событий, еще больше зомби, а также кооператив и множество других вещей. Одной из ключевых особенностей сиквела является вариативность принимаемых решений, а также изменение игрового мира последствием решений игроков. Каждое решение незначительно изменяет город, в котором разворачиваются события, что позволяет каждому игроку получить уникальный игровой опыт. \r\n\r\nСобытия игры разворачиваются спустя пятнадцать лет после первой вспышки вируса. За эти годы человечество сильно откатилось в развитии, электричество стало огромной ценностью, а страны потонули в анархии и беззаконии. Сценарием игры занимается один из известнейших сценаристов, Крис Авеллон, приложивший свою руку к Fallout 2, Planescape: Torment, Divinity: Original Sin 2 и другим. Сюжет в Dying Light 2 под стать окружающему миру - мрачный и жестокий, провоцирующий игроков делать выбор не между \"хорошими\" и \"плохими\", действиями, а между \"плохими\" и \"омерзительными\".', 1, '', '--', '--', '0', '--', '0', '--', '--', '0', '--', '0', 0, 0, 0, 1, 1),
(62, 2, 3, 1, 0, 0, 'S.T.A.L.K.E.R.: Clear Sky', 8564, 499, 0, 'GSC Game World', 'GSC World Publishing', '2008-09-15', '', '', 'Сюжет «S.T.A.L.K.E.R.: Чистое Небо» переносит игроков за год до событий оригинальной игры S.T.A.L.K.E.R. в 2011 год.\r\nГруппа сталкеров впервые подобралась к самому сердцу Зоны - Чернобыльской АЭС, спровоцировав катаклизм, который едва не привел к катастрофе. Грандиозный Выброс аномальной энергии изменяет Зону. Проверенных и относительно безопасных дорог больше нет. Целые уровни пропадают в сполохах аномалий. Сталкеры и даже экспедиции гибнут или оказываются запертыми на пропавших территориях. Новые территории, о которых ничего не было известно со времени появления Зоны, появляются на карте Зоны. Зону продолжают сотрясать выбросы. Зона нестабильна. Аномальная активность максимальна.\r\nИзменения известной сталкерам карты Зоны нарушает хрупкий баланс сил в Зоне. Между группировками разгорается вражда за новые территории, поля артефактов и сферы влияния. Больше нет старых врагов или друзей – теперь каждый сам за себя. Между фракциями началась Война Группировок. \r\nГлавный герой – наемник, волей судьбы оказавшийся на самом острие противостояния между фракциями сталкеров, Стрелком и даже самой Зоной. Главному герою предстоит сыграть основную роль в событиях, которые привели историю Зоны к той точке, с которой начинается оригинальная игра S.T.A.L.K.E.R.\r\nЧто ждет сталкеров в открывшихся глубинах Зоны? Какие новые опасности таятся на новых территориях? Почему выбросы сотрясают Зону? Почему изменилась Зона? Как устранить ее нестабильность? Какая фракция одержит верх в противостоянии группировок? Почему Стрелок попал в грузовик смерти? Что произошло со Стрелком до этого? Был ли другой выбор? На эти и многие другие вопросы Вы найдете ответ в официальном приквеле «S.T.A.L.K.E.R.: Чистое Небо».\r\nОпытные сталкеры и новички! Будьте готовы к новым испытаниям в Зоне Отчуждения весной 2008 года.', 1, '', 'Microsoft® Windows® XP (с пакетом обновлений 2)/Mi', 'Intel Pentium 4 с тактовой частотой 2 ГГц / AMD XP', '1', 'со 128 МБ видеопамяти, совместимая с DirectX® 8.0 ', '6', 'Microsoft® Windows® XP/Vista (с пакетом обновлений', 'Intel Core 2 Duo E6400 / AMD 64 X2 4200+ ', '2', 'с 256 МБ видеопамяти, совместимая с DirectX® 9.0c ', '10', 0, 0, 0, 0, 1),
(63, 2, 3, 1, 0, 0, 'S.T.A.L.K.E.R.: Call of Pripyat', 7532, 899, 0, 'GSC Game World', 'GSC World Publishing', '2010-02-12', '', '', 'Продавшаяся тиражом более 2 миллионов копий серия S.T.A.L.K.E.R. возвращается. S.T.A.L.K.E.R.: Call of Pripyat вновь расскажет ПК игрокам о трагическом взрыве реактора Чернобыльской АЭС в 1986 году. Вокруг станции образовалась \"Зона\" - ужасно загрязненное радиацией место окруженное со всех сторон вооруженными силами Украины. Но это всё равно не останавливает сталкеров, которые идут в Зону на поиски артефактов и легкий денег. Вам предстоит взять роль правительственного агента Александра Дегтярева, который проник в Зону под видом сталкера, и раскрыть таинственное исчезновение пяти военных вертолётов, опасаясь за свою жизнь на каждом шагу.\r\nОдна из первых игр использующая технологию DirectX11.\r\nИстория начинается сразу после событий S.T.A.L.K.E.R.: Shadow of Chernobyl.\r\nФотореалистическая Зона отчуждения: Каждая локация игры создана на основе фотографий этой местности.\r\nНовый захватывающий сюжет с интересными персонажами.\r\nНовая система усовершенствования оружия.\r\nНовые монстры: Химера и Бюрер. Улучшенный интеллект монстров.\r\nНовая система жизни окружающего мира, создана на основе лучшего что было в первых двух играх.\r\nВаши действие значительно влияют на происходящее в Зоне.\r\nДобавлена функция сна и ожидания.\r\nСовершенно новый интерфейс.\r\nВозможность продолжить игру после прохождения основного сюжета.\r\nДо 32 двух игрок одновременно могут играть на сервере в мультиплеере. Четыре режима игры и огромное количество карт.', 1, '', 'Microsoft® Windows® XP (с пакетом обновлений 2)/Mi', 'Intel Pentium 4 с тактовой частотой 2 ГГц / AMD XP', '1', 'со 128 МБ видеопамяти, совместимая с DirectX® 8.0 ', '6', 'Microsoft® Windows® XP/Vista (с пакетом обновлений', 'Intel Core 2 Duo E6400 / AMD 64 X2 4200+ ', '2', 'с 256 МБ видеопамяти, совместимая с DirectX® 9.0c ', '10', 0, 0, 0, 0, 1),
(64, 2, 1, 0, 0, 0, 'Mortal Kombat 11', 9765, 1190, 0, 'NetherRealm Studios', 'Warner Bros Interactive Entertainment', '2019-04-22', '', '', 'Mortal Kombat возвращается! И это лучшая версия культовой франшизы.\r\n\r\nСделайте предзаказ, чтобы играть за Шао Кана!\r\n\r\nСтандартное издание Mortal Kombat 11 включает:\r\n• Основную игру\r\n\r\nПользовательские настройки персонажей дарят возможность создавать бойцов по своему вкусу. Новый графический движок демонстрирует все зубодробительные моменты, погружая в бой до ощущения абсолютной реальности. Целая армия новых и классических бойцов и лучший в классе сюжетный режим продолжают 25-летние традиции этой саги.', 2, '', '64-bit Windows 7 / Windows 10', 'Intel Core i5-750, 2.66 GHz / AMD Phenom II X4 965', '8', 'NVIDIA® GeForce™ GTX 670 or NVIDIA® GeForce™ GTX 1', '0', '64-bit Windows 7 / Windows 10', 'Intel Core i5-2300, 2.8 GHz / AMD FX-6300, 3.5GHz ', '8', 'NVIDIA® GeForce™ GTX 780 or NVIDIA® GeForce™ GTX 1', '0', 0, 0, 0, 1, 1);

-- --------------------------------------------------------

--
-- Table structure for table `products_order`
--

CREATE TABLE `products_order` (
  `id` int(11) NOT NULL,
  `user_name` varchar(255) NOT NULL,
  `user_phone` varchar(255) NOT NULL,
  `user_comment` text NOT NULL,
  `user_id` int(11) DEFAULT NULL,
  `date` datetime NOT NULL DEFAULT CURRENT_TIMESTAMP ON UPDATE CURRENT_TIMESTAMP,
  `products` text NOT NULL,
  `status` int(11) NOT NULL DEFAULT '1'
) ENGINE=InnoDB DEFAULT CHARSET=utf8;

--
-- Dumping data for table `products_order`
--

INSERT INTO `products_order` (`id`, `user_name`, `user_phone`, `user_comment`, `user_id`, `date`, `products`, `status`) VALUES
(1, 'KKK12321', '+ 7 908 248 97 90', 'Покупка игры', 5, '2019-01-25 13:06:06', '{\"25\":1}', 4),
(2, 'Vinda', '+ 7 908 235 47 37', 'Ул. Дежурова 268', 6, '2019-02-11 13:20:11', '{\"26\":1,\"27\":1}', 4),
(3, 'Vinda', '+7 (908) 356-67-66', '', 6, '2019-02-16 09:07:30', '{\"26\":1}', 1),
(4, 'Ghoster', '+7 (756) 689-99-00', '', 8, '2019-04-11 09:17:19', '{\"25\":1,\"27\":1}', 1),
(5, 'adminKKK', '+7 (999) 999-99-99', '', 5, '2019-04-18 16:01:35', '{\"62\":1}', 1),
(7, 'lolokon', '+7 (000) 245-63-56', '', 9, '2019-04-24 19:50:01', '{\"63\":1,\"58\":1}', 4),
(8, 'lolicon', '+7 (952) 806-49-95', '', 10, '2019-04-24 20:45:47', '{\"33\":1,\"32\":1}', 4),
(9, 'adminKKK', '+7 (999) 232-12-55', '', 5, '2019-05-03 15:33:30', '{\"58\":1,\"53\":1,\"54\":1,\"55\":1}', 1),
(10, 'SquillFirst', '+7 (952) 806-49-95', '', 1, '2019-07-16 15:14:33', '{\"46\":1}', 1),
(11, 'adminKKK', '+7 (952) 806-49-95', '', 5, '2019-10-15 19:24:57', '{\"63\":1}', 1),
(12, 'adminKKK', '+7 (999) 999-99-99', 'dfg', 5, '2019-12-06 21:53:14', '{\"59\":1,\"63\":1}', 1);

-- --------------------------------------------------------

--
-- Table structure for table `series`
--

CREATE TABLE `series` (
  `id` int(11) NOT NULL,
  `name` varchar(255) NOT NULL,
  `image` varchar(255) NOT NULL,
  `soft_order` int(11) NOT NULL DEFAULT '0',
  `status` int(11) NOT NULL DEFAULT '1'
) ENGINE=InnoDB DEFAULT CHARSET=utf8;

--
-- Dumping data for table `series`
--

INSERT INTO `series` (`id`, `name`, `image`, `soft_order`, `status`) VALUES
(1, 'Life is Strange', '', 0, 1),
(2, 'Grand Theft Auto', '', 0, 1);

-- --------------------------------------------------------

--
-- Table structure for table `tegs`
--

CREATE TABLE `tegs` (
  `id` int(11) NOT NULL,
  `name` varchar(255) NOT NULL,
  `image` varchar(255) NOT NULL,
  `soft_order` int(11) NOT NULL DEFAULT '0',
  `status` int(11) NOT NULL DEFAULT '1'
) ENGINE=InnoDB DEFAULT CHARSET=utf8;

--
-- Dumping data for table `tegs`
--

INSERT INTO `tegs` (`id`, `name`, `image`, `soft_order`, `status`) VALUES
(1, 'Кооперативные игры', '', 0, 1),
(2, 'Онлайн игры', '1.jpg', 0, 1),
(3, 'Одиночные игры', '', 0, 1);

-- --------------------------------------------------------

--
-- Table structure for table `user`
--

CREATE TABLE `user` (
  `id` int(11) NOT NULL,
  `name` varchar(255) NOT NULL,
  `image` varchar(255) NOT NULL,
  `about` text NOT NULL,
  `email` varchar(255) NOT NULL,
  `password` varchar(255) NOT NULL,
  `role` varchar(5) NOT NULL,
  `theme` varchar(30) NOT NULL
) ENGINE=InnoDB DEFAULT CHARSET=utf8;

--
-- Dumping data for table `user`
--

INSERT INTO `user` (`id`, `name`, `image`, `about`, `email`, `password`, `role`, `theme`) VALUES
(1, 'SquillFirst', '', '', 'Squill@gmail.com', 'Nfrcbnfrcf10', '0', ''),
(2, 'fgfg', '', '', 'miasse@yandex.ru', 'dfgfgfg', '0', ''),
(3, 'Squis', '', '', 'squi@mail.ru', '5626366', '0', ''),
(4, 'sumsum', '', '', 'sum@sum.sum', 'sumsumsum', '0', ''),
(5, 'adminKKK', 'g1.jpg', '123213', 'KKK@kkk.kkk', 'KKK12321', 'admin', 'Dark'),
(6, 'Vinda', '', '', 'vindov@ov.ov', 'nevindov', '', ''),
(7, 'fbhnw', '', '', 'promouer@mail.ru', 'mpromoutervodim', '', ''),
(8, 'Ghoster', '', '', 'gho@gh.ru', 'ghghghgh', 'work', ''),
(9, 'lolokon', '', '', 'LLL@lll.lll', 'lll12321', '', ''),
(10, 'lolicon', '', '', 'lolie@say.or', 'lolicon12321', '', ''),
(11, 'KKKk', '', '', 'kkkk@k.k', '$2y$11$41f44b9e1fe8b6664ef1fumHsCVPaxrsdSZA1nbXagoDOcqkTK9JS', '', ''),
(12, 'kkk12', '', '', 'kkk12@kk.kk', '$2y$11$36cc1230fcdfc52ba0cfbO3Y5RGoxZ.ZKi3VoIjE2OpAAdkwluwGy', '', ''),
(13, 'Unturned', '', '', 'unte@un.un', 'unununun', '', ''),
(14, 'Unturned', '', '', 'unter@un.un', 'unununun', '', ''),
(15, 'Untur', '', '', 'unttt@un.un', 'tertert', '', ''),
(16, 'life is strange', '', '', 'lifeis@is.is', 'isisisisis', '', '');

-- --------------------------------------------------------

--
-- Table structure for table `user_details`
--

CREATE TABLE `user_details` (
  `id` int(11) NOT NULL,
  `user_id` int(11) NOT NULL,
  `last_activity` timestamp NOT NULL DEFAULT CURRENT_TIMESTAMP
) ENGINE=InnoDB DEFAULT CHARSET=utf8;

-- --------------------------------------------------------

--
-- Table structure for table `vote2product`
--

CREATE TABLE `vote2product` (
  `id` int(11) NOT NULL,
  `product_id` int(11) NOT NULL,
  `user_id` int(11) NOT NULL
) ENGINE=InnoDB DEFAULT CHARSET=utf8;

--
-- Dumping data for table `vote2product`
--

INSERT INTO `vote2product` (`id`, `product_id`, `user_id`) VALUES
(15, 1, 6),
(20, 46, 1),
(21, 59, 5);

--
-- Indexes for dumped tables
--

--
-- Indexes for table `category`
--
ALTER TABLE `category`
  ADD PRIMARY KEY (`id`);

--
-- Indexes for table `chat_line`
--
ALTER TABLE `chat_line`
  ADD PRIMARY KEY (`id`);

--
-- Indexes for table `chat_message`
--
ALTER TABLE `chat_message`
  ADD PRIMARY KEY (`id`);

--
-- Indexes for table `comments`
--
ALTER TABLE `comments`
  ADD PRIMARY KEY (`reviews_id`);

--
-- Indexes for table `contact`
--
ALTER TABLE `contact`
  ADD PRIMARY KEY (`id`);

--
-- Indexes for table `counter`
--
ALTER TABLE `counter`
  ADD PRIMARY KEY (`id`);

--
-- Indexes for table `is_product`
--
ALTER TABLE `is_product`
  ADD PRIMARY KEY (`id`);

--
-- Indexes for table `news`
--
ALTER TABLE `news`
  ADD PRIMARY KEY (`id`);

--
-- Indexes for table `other`
--
ALTER TABLE `other`
  ADD PRIMARY KEY (`id`);

--
-- Indexes for table `product`
--
ALTER TABLE `product`
  ADD PRIMARY KEY (`id`);

--
-- Indexes for table `products_order`
--
ALTER TABLE `products_order`
  ADD PRIMARY KEY (`id`);

--
-- Indexes for table `series`
--
ALTER TABLE `series`
  ADD PRIMARY KEY (`id`);

--
-- Indexes for table `tegs`
--
ALTER TABLE `tegs`
  ADD PRIMARY KEY (`id`);

--
-- Indexes for table `user`
--
ALTER TABLE `user`
  ADD PRIMARY KEY (`id`);

--
-- Indexes for table `user_details`
--
ALTER TABLE `user_details`
  ADD PRIMARY KEY (`id`);

--
-- Indexes for table `vote2product`
--
ALTER TABLE `vote2product`
  ADD PRIMARY KEY (`id`);

--
-- AUTO_INCREMENT for dumped tables
--

--
-- AUTO_INCREMENT for table `category`
--
ALTER TABLE `category`
  MODIFY `id` int(11) NOT NULL AUTO_INCREMENT, AUTO_INCREMENT=8;

--
-- AUTO_INCREMENT for table `chat_line`
--
ALTER TABLE `chat_line`
  MODIFY `id` int(11) NOT NULL AUTO_INCREMENT, AUTO_INCREMENT=3;

--
-- AUTO_INCREMENT for table `chat_message`
--
ALTER TABLE `chat_message`
  MODIFY `id` int(11) NOT NULL AUTO_INCREMENT;

--
-- AUTO_INCREMENT for table `comments`
--
ALTER TABLE `comments`
  MODIFY `reviews_id` int(11) NOT NULL AUTO_INCREMENT, AUTO_INCREMENT=42;

--
-- AUTO_INCREMENT for table `contact`
--
ALTER TABLE `contact`
  MODIFY `id` int(11) NOT NULL AUTO_INCREMENT, AUTO_INCREMENT=8;

--
-- AUTO_INCREMENT for table `counter`
--
ALTER TABLE `counter`
  MODIFY `id` int(11) NOT NULL AUTO_INCREMENT, AUTO_INCREMENT=62;

--
-- AUTO_INCREMENT for table `is_product`
--
ALTER TABLE `is_product`
  MODIFY `id` int(11) NOT NULL AUTO_INCREMENT;

--
-- AUTO_INCREMENT for table `news`
--
ALTER TABLE `news`
  MODIFY `id` int(11) NOT NULL AUTO_INCREMENT, AUTO_INCREMENT=9;

--
-- AUTO_INCREMENT for table `other`
--
ALTER TABLE `other`
  MODIFY `id` int(11) NOT NULL AUTO_INCREMENT, AUTO_INCREMENT=12;

--
-- AUTO_INCREMENT for table `product`
--
ALTER TABLE `product`
  MODIFY `id` int(11) NOT NULL AUTO_INCREMENT, AUTO_INCREMENT=65;

--
-- AUTO_INCREMENT for table `products_order`
--
ALTER TABLE `products_order`
  MODIFY `id` int(11) NOT NULL AUTO_INCREMENT, AUTO_INCREMENT=13;

--
-- AUTO_INCREMENT for table `series`
--
ALTER TABLE `series`
  MODIFY `id` int(11) NOT NULL AUTO_INCREMENT, AUTO_INCREMENT=3;

--
-- AUTO_INCREMENT for table `tegs`
--
ALTER TABLE `tegs`
  MODIFY `id` int(11) NOT NULL AUTO_INCREMENT, AUTO_INCREMENT=4;

--
-- AUTO_INCREMENT for table `user`
--
ALTER TABLE `user`
  MODIFY `id` int(11) NOT NULL AUTO_INCREMENT, AUTO_INCREMENT=17;

--
-- AUTO_INCREMENT for table `user_details`
--
ALTER TABLE `user_details`
  MODIFY `id` int(11) NOT NULL AUTO_INCREMENT;

--
-- AUTO_INCREMENT for table `vote2product`
--
ALTER TABLE `vote2product`
  MODIFY `id` int(11) NOT NULL AUTO_INCREMENT, AUTO_INCREMENT=23;
COMMIT;

/*!40101 SET CHARACTER_SET_CLIENT=@OLD_CHARACTER_SET_CLIENT */;
/*!40101 SET CHARACTER_SET_RESULTS=@OLD_CHARACTER_SET_RESULTS */;
/*!40101 SET COLLATION_CONNECTION=@OLD_COLLATION_CONNECTION */;
